bundle_id,paper_promotive-level,mesa_promotive_level,paper_risk-level,mesa_risk_level,paper_schools-promotive,mesa_schools_promotive,paper_schools-risk,mesa_schools_risk,paper_neighborhood-promotive,mesa_neighborhood_promotive,paper_neighborhood-risk,mesa_neighborhood_risk
1,25,25,25,25,25,25,25,25,25,25,25,25
2,25,25,25,25,25,25,25,25,25,25,50,50
3,25,25,25,25,25,25,25,25,25,25,75,75
4,25,25,25,25,25,25,25,25,50,50,25,25
5,25,25,25,25,25,25,25,25,50,50,50,50
6,25,25,25,25,25,25,25,25,50,50,75,75
7,25,25,25,25,25,25,25,25,75,75,25,25
8,25,25,25,25,25,25,25,25,75,75,50,50
9,25,25,25,25,25,25,25,25,75,75,75,75
10,25,25,25,25,25,25,50,50,25,25,25,25
11,25,25,25,25,25,25,50,50,25,25,50,50
12,25,25,25,25,25,25,50,50,25,25,75,75
13,25,25,25,25,25,25,50,50,50,50,25,25
14,25,25,25,25,25,25,50,50,50,50,50,50
15,25,25,25,25,25,25,50,50,50,50,75,75
16,25,25,25,25,25,25,50,50,75,75,25,25
17,25,25,25,25,25,25,50,50,75,75,50,50
18,25,25,25,25,25,25,50,50,75,75,75,75
19,25,25,25,25,25,25,75,75,25,25,25,25
20,25,25,25,25,25,25,75,75,25,25,50,50
21,25,25,25,25,25,25,75,75,25,25,75,75
22,25,25,25,25,25,25,75,75,50,50,25,25
23,25,25,25,25,25,25,75,75,50,50,50,50
24,25,25,25,25,25,25,75,75,50,50,75,75
25,25,25,25,25,25,25,75,75,75,75,25,25
26,25,25,25,25,25,25,75,75,75,75,50,50
27,25,25,25,25,25,25,75,75,75,75,75,75
28,25,25,25,25,50,50,25,25,25,25,25,25
29,25,25,25,25,50,50,25,25,25,25,50,50
30,25,25,25,25,50,50,25,25,25,25,75,75
31,25,25,25,25,50,50,25,25,50,50,25,25
32,25,25,25,25,50,50,25,25,50,50,50,50
33,25,25,25,25,50,50,25,25,50,50,75,75
34,25,25,25,25,50,50,25,25,75,75,25,25
35,25,25,25,25,50,50,25,25,75,75,50,50
36,25,25,25,25,50,50,25,25,75,75,75,75
37,25,25,25,25,50,50,50,50,25,25,25,25
38,25,25,25,25,50,50,50,50,25,25,50,50
39,25,25,25,25,50,50,50,50,25,25,75,75
40,25,25,25,25,50,50,50,50,50,50,25,25
41,25,25,25,25,50,50,50,50,50,50,50,50
42,25,25,25,25,50,50,50,50,50,50,75,75
43,25,25,25,25,50,50,50,50,75,75,25,25
44,25,25,25,25,50,50,50,50,75,75,50,50
45,25,25,25,25,50,50,50,50,75,75,75,75
46,25,25,25,25,50,50,75,75,25,25,25,25
47,25,25,25,25,50,50,75,75,25,25,50,50
48,25,25,25,25,50,50,75,75,25,25,75,75
49,25,25,25,25,50,50,75,75,50,50,25,25
50,25,25,25,25,50,50,75,75,50,50,50,50
51,25,25,25,25,50,50,75,75,50,50,75,75
52,25,25,25,25,50,50,75,75,75,75,25,25
53,25,25,25,25,50,50,75,75,75,75,50,50
54,25,25,25,25,50,50,75,75,75,75,75,75
55,25,25,25,25,75,75,25,25,25,25,25,25
56,25,25,25,25,75,75,25,25,25,25,50,50
57,25,25,25,25,75,75,25,25,25,25,75,75
58,25,25,25,25,75,75,25,25,50,50,25,25
59,25,25,25,25,75,75,25,25,50,50,50,50
60,25,25,25,25,75,75,25,25,50,50,75,75
61,25,25,25,25,75,75,25,25,75,75,25,25
62,25,25,25,25,75,75,25,25,75,75,50,50
63,25,25,25,25,75,75,25,25,75,75,75,75
64,25,25,25,25,75,75,50,50,25,25,25,25
65,25,25,25,25,75,75,50,50,25,25,50,50
66,25,25,25,25,75,75,50,50,25,25,75,75
67,25,25,25,25,75,75,50,50,50,50,25,25
68,25,25,25,25,75,75,50,50,50,50,50,50
69,25,25,25,25,75,75,50,50,50,50,75,75
70,25,25,25,25,75,75,50,50,75,75,25,25
71,25,25,25,25,75,75,50,50,75,75,50,50
72,25,25,25,25,75,75,50,50,75,75,75,75
73,25,25,25,25,75,75,75,75,25,25,25,25
74,25,25,25,25,75,75,75,75,25,25,50,50
75,25,25,25,25,75,75,75,75,25,25,75,75
76,25,25,25,25,75,75,75,75,50,50,25,25
77,25,25,25,25,75,75,75,75,50,50,50,50
78,25,25,25,25,75,75,75,75,50,50,75,75
79,25,25,25,25,75,75,75,75,75,75,25,25
80,25,25,25,25,75,75,75,75,75,75,50,50
81,25,25,25,25,75,75,75,75,75,75,75,75
82,25,25,50,50,25,25,25,25,25,25,25,25
83,25,25,50,50,25,25,25,25,25,25,50,50
84,25,25,50,50,25,25,25,25,25,25,75,75
85,25,25,50,50,25,25,25,25,50,50,25,25
86,25,25,50,50,25,25,25,25,50,50,50,50
87,25,25,50,50,25,25,25,25,50,50,75,75
88,25,25,50,50,25,25,25,25,75,75,25,25
89,25,25,50,50,25,25,25,25,75,75,50,50
90,25,25,50,50,25,25,25,25,75,75,75,75
91,25,25,50,50,25,25,50,50,25,25,25,25
92,25,25,50,50,25,25,50,50,25,25,50,50
93,25,25,50,50,25,25,50,50,25,25,75,75
94,25,25,50,50,25,25,50,50,50,50,25,25
95,25,25,50,50,25,25,50,50,50,50,50,50
96,25,25,50,50,25,25,50,50,50,50,75,75
97,25,25,50,50,25,25,50,50,75,75,25,25
98,25,25,50,50,25,25,50,50,75,75,50,50
99,25,25,50,50,25,25,50,50,75,75,75,75
100,25,25,50,50,25,25,75,75,25,25,25,25
101,25,25,50,50,25,25,75,75,25,25,50,50
102,25,25,50,50,25,25,75,75,25,25,75,75
103,25,25,50,50,25,25,75,75,50,50,25,25
104,25,25,50,50,25,25,75,75,50,50,50,50
105,25,25,50,50,25,25,75,75,50,50,75,75
106,25,25,50,50,25,25,75,75,75,75,25,25
107,25,25,50,50,25,25,75,75,75,75,50,50
108,25,25,50,50,25,25,75,75,75,75,75,75
109,25,25,50,50,50,50,25,25,25,25,25,25
110,25,25,50,50,50,50,25,25,25,25,50,50
111,25,25,50,50,50,50,25,25,25,25,75,75
112,25,25,50,50,50,50,25,25,50,50,25,25
113,25,25,50,50,50,50,25,25,50,50,50,50
114,25,25,50,50,50,50,25,25,50,50,75,75
115,25,25,50,50,50,50,25,25,75,75,25,25
116,25,25,50,50,50,50,25,25,75,75,50,50
117,25,25,50,50,50,50,25,25,75,75,75,75
118,25,25,50,50,50,50,50,50,25,25,25,25
119,25,25,50,50,50,50,50,50,25,25,50,50
120,25,25,50,50,50,50,50,50,25,25,75,75
121,25,25,50,50,50,50,50,50,50,50,25,25
122,25,25,50,50,50,50,50,50,50,50,50,50
123,25,25,50,50,50,50,50,50,50,50,75,75
124,25,25,50,50,50,50,50,50,75,75,25,25
125,25,25,50,50,50,50,50,50,75,75,50,50
126,25,25,50,50,50,50,50,50,75,75,75,75
127,25,25,50,50,50,50,75,75,25,25,25,25
128,25,25,50,50,50,50,75,75,25,25,50,50
129,25,25,50,50,50,50,75,75,25,25,75,75
130,25,25,50,50,50,50,75,75,50,50,25,25
131,25,25,50,50,50,50,75,75,50,50,50,50
132,25,25,50,50,50,50,75,75,50,50,75,75
133,25,25,50,50,50,50,75,75,75,75,25,25
134,25,25,50,50,50,50,75,75,75,75,50,50
135,25,25,50,50,50,50,75,75,75,75,75,75
136,25,25,50,50,75,75,25,25,25,25,25,25
137,25,25,50,50,75,75,25,25,25,25,50,50
138,25,25,50,50,75,75,25,25,25,25,75,75
139,25,25,50,50,75,75,25,25,50,50,25,25
140,25,25,50,50,75,75,25,25,50,50,50,50
141,25,25,50,50,75,75,25,25,50,50,75,75
142,25,25,50,50,75,75,25,25,75,75,25,25
143,25,25,50,50,75,75,25,25,75,75,50,50
144,25,25,50,50,75,75,25,25,75,75,75,75
145,25,25,50,50,75,75,50,50,25,25,25,25
146,25,25,50,50,75,75,50,50,25,25,50,50
147,25,25,50,50,75,75,50,50,25,25,75,75
148,25,25,50,50,75,75,50,50,50,50,25,25
149,25,25,50,50,75,75,50,50,50,50,50,50
150,25,25,50,50,75,75,50,50,50,50,75,75
151,25,25,50,50,75,75,50,50,75,75,25,25
152,25,25,50,50,75,75,50,50,75,75,50,50
153,25,25,50,50,75,75,50,50,75,75,75,75
154,25,25,50,50,75,75,75,75,25,25,25,25
155,25,25,50,50,75,75,75,75,25,25,50,50
156,25,25,50,50,75,75,75,75,25,25,75,75
157,25,25,50,50,75,75,75,75,50,50,25,25
158,25,25,50,50,75,75,75,75,50,50,50,50
159,25,25,50,50,75,75,75,75,50,50,75,75
160,25,25,50,50,75,75,75,75,75,75,25,25
161,25,25,50,50,75,75,75,75,75,75,50,50
162,25,25,50,50,75,75,75,75,75,75,75,75
163,25,25,75,75,25,25,25,25,25,25,25,25
164,25,25,75,75,25,25,25,25,25,25,50,50
165,25,25,75,75,25,25,25,25,25,25,75,75
166,25,25,75,75,25,25,25,25,50,50,25,25
167,25,25,75,75,25,25,25,25,50,50,50,50
168,25,25,75,75,25,25,25,25,50,50,75,75
169,25,25,75,75,25,25,25,25,75,75,25,25
170,25,25,75,75,25,25,25,25,75,75,50,50
171,25,25,75,75,25,25,25,25,75,75,75,75
172,25,25,75,75,25,25,50,50,25,25,25,25
173,25,25,75,75,25,25,50,50,25,25,50,50
174,25,25,75,75,25,25,50,50,25,25,75,75
175,25,25,75,75,25,25,50,50,50,50,25,25
176,25,25,75,75,25,25,50,50,50,50,50,50
177,25,25,75,75,25,25,50,50,50,50,75,75
178,25,25,75,75,25,25,50,50,75,75,25,25
179,25,25,75,75,25,25,50,50,75,75,50,50
180,25,25,75,75,25,25,50,50,75,75,75,75
181,25,25,75,75,25,25,75,75,25,25,25,25
182,25,25,75,75,25,25,75,75,25,25,50,50
183,25,25,75,75,25,25,75,75,25,25,75,75
184,25,25,75,75,25,25,75,75,50,50,25,25
185,25,25,75,75,25,25,75,75,50,50,50,50
186,25,25,75,75,25,25,75,75,50,50,75,75
187,25,25,75,75,25,25,75,75,75,75,25,25
188,25,25,75,75,25,25,75,75,75,75,50,50
189,25,25,75,75,25,25,75,75,75,75,75,75
190,25,25,75,75,50,50,25,25,25,25,25,25
191,25,25,75,75,50,50,25,25,25,25,50,50
192,25,25,75,75,50,50,25,25,25,25,75,75
193,25,25,75,75,50,50,25,25,50,50,25,25
194,25,25,75,75,50,50,25,25,50,50,50,50
195,25,25,75,75,50,50,25,25,50,50,75,75
196,25,25,75,75,50,50,25,25,75,75,25,25
197,25,25,75,75,50,50,25,25,75,75,50,50
198,25,25,75,75,50,50,25,25,75,75,75,75
199,25,25,75,75,50,50,50,50,25,25,25,25
200,25,25,75,75,50,50,50,50,25,25,50,50
201,25,25,75,75,50,50,50,50,25,25,75,75
202,25,25,75,75,50,50,50,50,50,50,25,25
203,25,25,75,75,50,50,50,50,50,50,50,50
204,25,25,75,75,50,50,50,50,50,50,75,75
205,25,25,75,75,50,50,50,50,75,75,25,25
206,25,25,75,75,50,50,50,50,75,75,50,50
207,25,25,75,75,50,50,50,50,75,75,75,75
208,25,25,75,75,50,50,75,75,25,25,25,25
209,25,25,75,75,50,50,75,75,25,25,50,50
210,25,25,75,75,50,50,75,75,25,25,75,75
211,25,25,75,75,50,50,75,75,50,50,25,25
212,25,25,75,75,50,50,75,75,50,50,50,50
213,25,25,75,75,50,50,75,75,50,50,75,75
214,25,25,75,75,50,50,75,75,75,75,25,25
215,25,25,75,75,50,50,75,75,75,75,50,50
216,25,25,75,75,50,50,75,75,75,75,75,75
217,25,25,75,75,75,75,25,25,25,25,25,25
218,25,25,75,75,75,75,25,25,25,25,50,50
219,25,25,75,75,75,75,25,25,25,25,75,75
220,25,25,75,75,75,75,25,25,50,50,25,25
221,25,25,75,75,75,75,25,25,50,50,50,50
222,25,25,75,75,75,75,25,25,50,50,75,75
223,25,25,75,75,75,75,25,25,75,75,25,25
224,25,25,75,75,75,75,25,25,75,75,50,50
225,25,25,75,75,75,75,25,25,75,75,75,75
226,25,25,75,75,75,75,50,50,25,25,25,25
227,25,25,75,75,75,75,50,50,25,25,50,50
228,25,25,75,75,75,75,50,50,25,25,75,75
229,25,25,75,75,75,75,50,50,50,50,25,25
230,25,25,75,75,75,75,50,50,50,50,50,50
231,25,25,75,75,75,75,50,50,50,50,75,75
232,25,25,75,75,75,75,50,50,75,75,25,25
233,25,25,75,75,75,75,50,50,75,75,50,50
234,25,25,75,75,75,75,50,50,75,75,75,75
235,25,25,75,75,75,75,75,75,25,25,25,25
236,25,25,75,75,75,75,75,75,25,25,50,50
237,25,25,75,75,75,75,75,75,25,25,75,75
238,25,25,75,75,75,75,75,75,50,50,25,25
239,25,25,75,75,75,75,75,75,50,50,50,50
240,25,25,75,75,75,75,75,75,50,50,75,75
241,25,25,75,75,75,75,75,75,75,75,25,25
242,25,25,75,75,75,75,75,75,75,75,50,50
243,25,25,75,75,75,75,75,75,75,75,75,75
244,50,50,25,25,25,25,25,25,25,25,25,25
245,50,50,25,25,25,25,25,25,25,25,50,50
246,50,50,25,25,25,25,25,25,25,25,75,75
247,50,50,25,25,25,25,25,25,50,50,25,25
248,50,50,25,25,25,25,25,25,50,50,50,50
249,50,50,25,25,25,25,25,25,50,50,75,75
250,50,50,25,25,25,25,25,25,75,75,25,25
251,50,50,25,25,25,25,25,25,75,75,50,50
252,50,50,25,25,25,25,25,25,75,75,75,75
253,50,50,25,25,25,25,50,50,25,25,25,25
254,50,50,25,25,25,25,50,50,25,25,50,50
255,50,50,25,25,25,25,50,50,25,25,75,75
256,50,50,25,25,25,25,50,50,50,50,25,25
257,50,50,25,25,25,25,50,50,50,50,50,50
258,50,50,25,25,25,25,50,50,50,50,75,75
259,50,50,25,25,25,25,50,50,75,75,25,25
260,50,50,25,25,25,25,50,50,75,75,50,50
261,50,50,25,25,25,25,50,50,75,75,75,75
262,50,50,25,25,25,25,75,75,25,25,25,25
263,50,50,25,25,25,25,75,75,25,25,50,50
264,50,50,25,25,25,25,75,75,25,25,75,75
265,50,50,25,25,25,25,75,75,50,50,25,25
266,50,50,25,25,25,25,75,75,50,50,50,50
267,50,50,25,25,25,25,75,75,50,50,75,75
268,50,50,25,25,25,25,75,75,75,75,25,25
269,50,50,25,25,25,25,75,75,75,75,50,50
270,50,50,25,25,25,25,75,75,75,75,75,75
271,50,50,25,25,50,50,25,25,25,25,25,25
272,50,50,25,25,50,50,25,25,25,25,50,50
273,50,50,25,25,50,50,25,25,25,25,75,75
274,50,50,25,25,50,50,25,25,50,50,25,25
275,50,50,25,25,50,50,25,25,50,50,50,50
276,50,50,25,25,50,50,25,25,50,50,75,75
277,50,50,25,25,50,50,25,25,75,75,25,25
278,50,50,25,25,50,50,25,25,75,75,50,50
279,50,50,25,25,50,50,25,25,75,75,75,75
280,50,50,25,25,50,50,50,50,25,25,25,25
281,50,50,25,25,50,50,50,50,25,25,50,50
282,50,50,25,25,50,50,50,50,25,25,75,75
283,50,50,25,25,50,50,50,50,50,50,25,25
284,50,50,25,25,50,50,50,50,50,50,50,50
285,50,50,25,25,50,50,50,50,50,50,75,75
286,50,50,25,25,50,50,50,50,75,75,25,25
287,50,50,25,25,50,50,50,50,75,75,50,50
288,50,50,25,25,50,50,50,50,75,75,75,75
289,50,50,25,25,50,50,75,75,25,25,25,25
290,50,50,25,25,50,50,75,75,25,25,50,50
291,50,50,25,25,50,50,75,75,25,25,75,75
292,50,50,25,25,50,50,75,75,50,50,25,25
293,50,50,25,25,50,50,75,75,50,50,50,50
294,50,50,25,25,50,50,75,75,50,50,75,75
295,50,50,25,25,50,50,75,75,75,75,25,25
296,50,50,25,25,50,50,75,75,75,75,50,50
297,50,50,25,25,50,50,75,75,75,75,75,75
298,50,50,25,25,75,75,25,25,25,25,25,25
299,50,50,25,25,75,75,25,25,25,25,50,50
300,50,50,25,25,75,75,25,25,25,25,75,75
301,50,50,25,25,75,75,25,25,50,50,25,25
302,50,50,25,25,75,75,25,25,50,50,50,50
303,50,50,25,25,75,75,25,25,50,50,75,75
304,50,50,25,25,75,75,25,25,75,75,25,25
305,50,50,25,25,75,75,25,25,75,75,50,50
306,50,50,25,25,75,75,25,25,75,75,75,75
307,50,50,25,25,75,75,50,50,25,25,25,25
308,50,50,25,25,75,75,50,50,25,25,50,50
309,50,50,25,25,75,75,50,50,25,25,75,75
310,50,50,25,25,75,75,50,50,50,50,25,25
311,50,50,25,25,75,75,50,50,50,50,50,50
312,50,50,25,25,75,75,50,50,50,50,75,75
313,50,50,25,25,75,75,50,50,75,75,25,25
314,50,50,25,25,75,75,50,50,75,75,50,50
315,50,50,25,25,75,75,50,50,75,75,75,75
316,50,50,25,25,75,75,75,75,25,25,25,25
317,50,50,25,25,75,75,75,75,25,25,50,50
318,50,50,25,25,75,75,75,75,25,25,75,75
319,50,50,25,25,75,75,75,75,50,50,25,25
320,50,50,25,25,75,75,75,75,50,50,50,50
321,50,50,25,25,75,75,75,75,50,50,75,75
322,50,50,25,25,75,75,75,75,75,75,25,25
323,50,50,25,25,75,75,75,75,75,75,50,50
324,50,50,25,25,75,75,75,75,75,75,75,75
325,50,50,50,50,25,25,25,25,25,25,25,25
326,50,50,50,50,25,25,25,25,25,25,50,50
327,50,50,50,50,25,25,25,25,25,25,75,75
328,50,50,50,50,25,25,25,25,50,50,25,25
329,50,50,50,50,25,25,25,25,50,50,50,50
330,50,50,50,50,25,25,25,25,50,50,75,75
331,50,50,50,50,25,25,25,25,75,75,25,25
332,50,50,50,50,25,25,25,25,75,75,50,50
333,50,50,50,50,25,25,25,25,75,75,75,75
334,50,50,50,50,25,25,50,50,25,25,25,25
335,50,50,50,50,25,25,50,50,25,25,50,50
336,50,50,50,50,25,25,50,50,25,25,75,75
337,50,50,50,50,25,25,50,50,50,50,25,25
338,50,50,50,50,25,25,50,50,50,50,50,50
339,50,50,50,50,25,25,50,50,50,50,75,75
340,50,50,50,50,25,25,50,50,75,75,25,25
341,50,50,50,50,25,25,50,50,75,75,50,50
342,50,50,50,50,25,25,50,50,75,75,75,75
343,50,50,50,50,25,25,75,75,25,25,25,25
344,50,50,50,50,25,25,75,75,25,25,50,50
345,50,50,50,50,25,25,75,75,25,25,75,75
346,50,50,50,50,25,25,75,75,50,50,25,25
347,50,50,50,50,25,25,75,75,50,50,50,50
348,50,50,50,50,25,25,75,75,50,50,75,75
349,50,50,50,50,25,25,75,75,75,75,25,25
350,50,50,50,50,25,25,75,75,75,75,50,50
351,50,50,50,50,25,25,75,75,75,75,75,75
352,50,50,50,50,50,50,25,25,25,25,25,25
353,50,50,50,50,50,50,25,25,25,25,50,50
354,50,50,50,50,50,50,25,25,25,25,75,75
355,50,50,50,50,50,50,25,25,50,50,25,25
356,50,50,50,50,50,50,25,25,50,50,50,50
357,50,50,50,50,50,50,25,25,50,50,75,75
358,50,50,50,50,50,50,25,25,75,75,25,25
359,50,50,50,50,50,50,25,25,75,75,50,50
360,50,50,50,50,50,50,25,25,75,75,75,75
361,50,50,50,50,50,50,50,50,25,25,25,25
362,50,50,50,50,50,50,50,50,25,25,50,50
363,50,50,50,50,50,50,50,50,25,25,75,75
364,50,50,50,50,50,50,50,50,50,50,25,25
365,50,50,50,50,50,50,50,50,50,50,50,50
366,50,50,50,50,50,50,50,50,50,50,75,75
367,50,50,50,50,50,50,50,50,75,75,25,25
368,50,50,50,50,50,50,50,50,75,75,50,50
369,50,50,50,50,50,50,50,50,75,75,75,75
370,50,50,50,50,50,50,75,75,25,25,25,25
371,50,50,50,50,50,50,75,75,25,25,50,50
372,50,50,50,50,50,50,75,75,25,25,75,75
373,50,50,50,50,50,50,75,75,50,50,25,25
374,50,50,50,50,50,50,75,75,50,50,50,50
375,50,50,50,50,50,50,75,75,50,50,75,75
376,50,50,50,50,50,50,75,75,75,75,25,25
377,50,50,50,50,50,50,75,75,75,75,50,50
378,50,50,50,50,50,50,75,75,75,75,75,75
379,50,50,50,50,75,75,25,25,25,25,25,25
380,50,50,50,50,75,75,25,25,25,25,50,50
381,50,50,50,50,75,75,25,25,25,25,75,75
382,50,50,50,50,75,75,25,25,50,50,25,25
383,50,50,50,50,75,75,25,25,50,50,50,50
384,50,50,50,50,75,75,25,25,50,50,75,75
385,50,50,50,50,75,75,25,25,75,75,25,25
386,50,50,50,50,75,75,25,25,75,75,50,50
387,50,50,50,50,75,75,25,25,75,75,75,75
388,50,50,50,50,75,75,50,50,25,25,25,25
389,50,50,50,50,75,75,50,50,25,25,50,50
390,50,50,50,50,75,75,50,50,25,25,75,75
391,50,50,50,50,75,75,50,50,50,50,25,25
392,50,50,50,50,75,75,50,50,50,50,50,50
393,50,50,50,50,75,75,50,50,50,50,75,75
394,50,50,50,50,75,75,50,50,75,75,25,25
395,50,50,50,50,75,75,50,50,75,75,50,50
396,50,50,50,50,75,75,50,50,75,75,75,75
397,50,50,50,50,75,75,75,75,25,25,25,25
398,50,50,50,50,75,75,75,75,25,25,50,50
399,50,50,50,50,75,75,75,75,25,25,75,75
400,50,50,50,50,75,75,75,75,50,50,25,25
401,50,50,50,50,75,75,75,75,50,50,50,50
402,50,50,50,50,75,75,75,75,50,50,75,75
403,50,50,50,50,75,75,75,75,75,75,25,25
404,50,50,50,50,75,75,75,75,75,75,50,50
405,50,50,50,50,75,75,75,75,75,75,75,75
406,50,50,75,75,25,25,25,25,25,25,25,25
407,50,50,75,75,25,25,25,25,25,25,50,50
408,50,50,75,75,25,25,25,25,25,25,75,75
409,50,50,75,75,25,25,25,25,50,50,25,25
410,50,50,75,75,25,25,25,25,50,50,50,50
411,50,50,75,75,25,25,25,25,50,50,75,75
412,50,50,75,75,25,25,25,25,75,75,25,25
413,50,50,75,75,25,25,25,25,75,75,50,50
414,50,50,75,75,25,25,25,25,75,75,75,75
415,50,50,75,75,25,25,50,50,25,25,25,25
416,50,50,75,75,25,25,50,50,25,25,50,50
417,50,50,75,75,25,25,50,50,25,25,75,75
418,50,50,75,75,25,25,50,50,50,50,25,25
419,50,50,75,75,25,25,50,50,50,50,50,50
420,50,50,75,75,25,25,50,50,50,50,75,75
421,50,50,75,75,25,25,50,50,75,75,25,25
422,50,50,75,75,25,25,50,50,75,75,50,50
423,50,50,75,75,25,25,50,50,75,75,75,75
424,50,50,75,75,25,25,75,75,25,25,25,25
425,50,50,75,75,25,25,75,75,25,25,50,50
426,50,50,75,75,25,25,75,75,25,25,75,75
427,50,50,75,75,25,25,75,75,50,50,25,25
428,50,50,75,75,25,25,75,75,50,50,50,50
429,50,50,75,75,25,25,75,75,50,50,75,75
430,50,50,75,75,25,25,75,75,75,75,25,25
431,50,50,75,75,25,25,75,75,75,75,50,50
432,50,50,75,75,25,25,75,75,75,75,75,75
433,50,50,75,75,50,50,25,25,25,25,25,25
434,50,50,75,75,50,50,25,25,25,25,50,50
435,50,50,75,75,50,50,25,25,25,25,75,75
436,50,50,75,75,50,50,25,25,50,50,25,25
437,50,50,75,75,50,50,25,25,50,50,50,50
438,50,50,75,75,50,50,25,25,50,50,75,75
439,50,50,75,75,50,50,25,25,75,75,25,25
440,50,50,75,75,50,50,25,25,75,75,50,50
441,50,50,75,75,50,50,25,25,75,75,75,75
442,50,50,75,75,50,50,50,50,25,25,25,25
443,50,50,75,75,50,50,50,50,25,25,50,50
444,50,50,75,75,50,50,50,50,25,25,75,75
445,50,50,75,75,50,50,50,50,50,50,25,25
446,50,50,75,75,50,50,50,50,50,50,50,50
447,50,50,75,75,50,50,50,50,50,50,75,75
448,50,50,75,75,50,50,50,50,75,75,25,25
449,50,50,75,75,50,50,50,50,75,75,50,50
450,50,50,75,75,50,50,50,50,75,75,75,75
451,50,50,75,75,50,50,75,75,25,25,25,25
452,50,50,75,75,50,50,75,75,25,25,50,50
453,50,50,75,75,50,50,75,75,25,25,75,75
454,50,50,75,75,50,50,75,75,50,50,25,25
455,50,50,75,75,50,50,75,75,50,50,50,50
456,50,50,75,75,50,50,75,75,50,50,75,75
457,50,50,75,75,50,50,75,75,75,75,25,25
458,50,50,75,75,50,50,75,75,75,75,50,50
459,50,50,75,75,50,50,75,75,75,75,75,75
460,50,50,75,75,75,75,25,25,25,25,25,25
461,50,50,75,75,75,75,25,25,25,25,50,50
462,50,50,75,75,75,75,25,25,25,25,75,75
463,50,50,75,75,75,75,25,25,50,50,25,25
464,50,50,75,75,75,75,25,25,50,50,50,50
465,50,50,75,75,75,75,25,25,50,50,75,75
466,50,50,75,75,75,75,25,25,75,75,25,25
467,50,50,75,75,75,75,25,25,75,75,50,50
468,50,50,75,75,75,75,25,25,75,75,75,75
469,50,50,75,75,75,75,50,50,25,25,25,25
470,50,50,75,75,75,75,50,50,25,25,50,50
471,50,50,75,75,75,75,50,50,25,25,75,75
472,50,50,75,75,75,75,50,50,50,50,25,25
473,50,50,75,75,75,75,50,50,50,50,50,50
474,50,50,75,75,75,75,50,50,50,50,75,75
475,50,50,75,75,75,75,50,50,75,75,25,25
476,50,50,75,75,75,75,50,50,75,75,50,50
477,50,50,75,75,75,75,50,50,75,75,75,75
478,50,50,75,75,75,75,75,75,25,25,25,25
479,50,50,75,75,75,75,75,75,25,25,50,50
480,50,50,75,75,75,75,75,75,25,25,75,75
481,50,50,75,75,75,75,75,75,50,50,25,25
482,50,50,75,75,75,75,75,75,50,50,50,50
483,50,50,75,75,75,75,75,75,50,50,75,75
484,50,50,75,75,75,75,75,75,75,75,25,25
485,50,50,75,75,75,75,75,75,75,75,50,50
486,50,50,75,75,75,75,75,75,75,75,75,75
487,75,75,25,25,25,25,25,25,25,25,25,25
488,75,75,25,25,25,25,25,25,25,25,50,50
489,75,75,25,25,25,25,25,25,25,25,75,75
490,75,75,25,25,25,25,25,25,50,50,25,25
491,75,75,25,25,25,25,25,25,50,50,50,50
492,75,75,25,25,25,25,25,25,50,50,75,75
493,75,75,25,25,25,25,25,25,75,75,25,25
494,75,75,25,25,25,25,25,25,75,75,50,50
495,75,75,25,25,25,25,25,25,75,75,75,75
496,75,75,25,25,25,25,50,50,25,25,25,25
497,75,75,25,25,25,25,50,50,25,25,50,50
498,75,75,25,25,25,25,50,50,25,25,75,75
499,75,75,25,25,25,25,50,50,50,50,25,25
500,75,75,25,25,25,25,50,50,50,50,50,50
501,75,75,25,25,25,25,50,50,50,50,75,75
502,75,75,25,25,25,25,50,50,75,75,25,25
503,75,75,25,25,25,25,50,50,75,75,50,50
504,75,75,25,25,25,25,50,50,75,75,75,75
505,75,75,25,25,25,25,75,75,25,25,25,25
506,75,75,25,25,25,25,75,75,25,25,50,50
507,75,75,25,25,25,25,75,75,25,25,75,75
508,75,75,25,25,25,25,75,75,50,50,25,25
509,75,75,25,25,25,25,75,75,50,50,50,50
510,75,75,25,25,25,25,75,75,50,50,75,75
511,75,75,25,25,25,25,75,75,75,75,25,25
512,75,75,25,25,25,25,75,75,75,75,50,50
513,75,75,25,25,25,25,75,75,75,75,75,75
514,75,75,25,25,50,50,25,25,25,25,25,25
515,75,75,25,25,50,50,25,25,25,25,50,50
516,75,75,25,25,50,50,25,25,25,25,75,75
517,75,75,25,25,50,50,25,25,50,50,25,25
518,75,75,25,25,50,50,25,25,50,50,50,50
519,75,75,25,25,50,50,25,25,50,50,75,75
520,75,75,25,25,50,50,25,25,75,75,25,25
521,75,75,25,25,50,50,25,25,75,75,50,50
522,75,75,25,25,50,50,25,25,75,75,75,75
523,75,75,25,25,50,50,50,50,25,25,25,25
524,75,75,25,25,50,50,50,50,25,25,50,50
525,75,75,25,25,50,50,50,50,25,25,75,75
526,75,75,25,25,50,50,50,50,50,50,25,25
527,75,75,25,25,50,50,50,50,50,50,50,50
528,75,75,25,25,50,50,50,50,50,50,75,75
529,75,75,25,25,50,50,50,50,75,75,25,25
530,75,75,25,25,50,50,50,50,75,75,50,50
531,75,75,25,25,50,50,50,50,75,75,75,75
532,75,75,25,25,50,50,75,75,25,25,25,25
533,75,75,25,25,50,50,75,75,25,25,50,50
534,75,75,25,25,50,50,75,75,25,25,75,75
535,75,75,25,25,50,50,75,75,50,50,25,25
536,75,75,25,25,50,50,75,75,50,50,50,50
537,75,75,25,25,50,50,75,75,50,50,75,75
538,75,75,25,25,50,50,75,75,75,75,25,25
539,75,75,25,25,50,50,75,75,75,75,50,50
540,75,75,25,25,50,50,75,75,75,75,75,75
541,75,75,25,25,75,75,25,25,25,25,25,25
542,75,75,25,25,75,75,25,25,25,25,50,50
543,75,75,25,25,75,75,25,25,25,25,75,75
544,75,75,25,25,75,75,25,25,50,50,25,25
545,75,75,25,25,75,75,25,25,50,50,50,50
546,75,75,25,25,75,75,25,25,50,50,75,75
547,75,75,25,25,75,75,25,25,75,75,25,25
548,75,75,25,25,75,75,25,25,75,75,50,50
549,75,75,25,25,75,75,25,25,75,75,75,75
550,75,75,25,25,75,75,50,50,25,25,25,25
551,75,75,25,25,75,75,50,50,25,25,50,50
552,75,75,25,25,75,75,50,50,25,25,75,75
553,75,75,25,25,75,75,50,50,50,50,25,25
554,75,75,25,25,75,75,50,50,50,50,50,50
555,75,75,25,25,75,75,50,50,50,50,75,75
556,75,75,25,25,75,75,50,50,75,75,25,25
557,75,75,25,25,75,75,50,50,75,75,50,50
558,75,75,25,25,75,75,50,50,75,75,75,75
559,75,75,25,25,75,75,75,75,25,25,25,25
560,75,75,25,25,75,75,75,75,25,25,50,50
561,75,75,25,25,75,75,75,75,25,25,75,75
562,75,75,25,25,75,75,75,75,50,50,25,25
563,75,75,25,25,75,75,75,75,50,50,50,50
564,75,75,25,25,75,75,75,75,50,50,75,75
565,75,75,25,25,75,75,75,75,75,75,25,25
566,75,75,25,25,75,75,75,75,75,75,50,50
567,75,75,25,25,75,75,75,75,75,75,75,75
568,75,75,50,50,25,25,25,25,25,25,25,25
569,75,75,50,50,25,25,25,25,25,25,50,50
570,75,75,50,50,25,25,25,25,25,25,75,75
571,75,75,50,50,25,25,25,25,50,50,25,25
572,75,75,50,50,25,25,25,25,50,50,50,50
573,75,75,50,50,25,25,25,25,50,50,75,75
574,75,75,50,50,25,25,25,25,75,75,25,25
575,75,75,50,50,25,25,25,25,75,75,50,50
576,75,75,50,50,25,25,25,25,75,75,75,75
577,75,75,50,50,25,25,50,50,25,25,25,25
578,75,75,50,50,25,25,50,50,25,25,50,50
579,75,75,50,50,25,25,50,50,25,25,75,75
580,75,75,50,50,25,25,50,50,50,50,25,25
581,75,75,50,50,25,25,50,50,50,50,50,50
582,75,75,50,50,25,25,50,50,50,50,75,75
583,75,75,50,50,25,25,50,50,75,75,25,25
584,75,75,50,50,25,25,50,50,75,75,50,50
585,75,75,50,50,25,25,50,50,75,75,75,75
586,75,75,50,50,25,25,75,75,25,25,25,25
587,75,75,50,50,25,25,75,75,25,25,50,50
588,75,75,50,50,25,25,75,75,25,25,75,75
589,75,75,50,50,25,25,75,75,50,50,25,25
590,75,75,50,50,25,25,75,75,50,50,50,50
591,75,75,50,50,25,25,75,75,50,50,75,75
592,75,75,50,50,25,25,75,75,75,75,25,25
593,75,75,50,50,25,25,75,75,75,75,50,50
594,75,75,50,50,25,25,75,75,75,75,75,75
595,75,75,50,50,50,50,25,25,25,25,25,25
596,75,75,50,50,50,50,25,25,25,25,50,50
597,75,75,50,50,50,50,25,25,25,25,75,75
598,75,75,50,50,50,50,25,25,50,50,25,25
599,75,75,50,50,50,50,25,25,50,50,50,50
600,75,75,50,50,50,50,25,25,50,50,75,75
601,75,75,50,50,50,50,25,25,75,75,25,25
602,75,75,50,50,50,50,25,25,75,75,50,50
603,75,75,50,50,50,50,25,25,75,75,75,75
604,75,75,50,50,50,50,50,50,25,25,25,25
605,75,75,50,50,50,50,50,50,25,25,50,50
606,75,75,50,50,50,50,50,50,25,25,75,75
607,75,75,50,50,50,50,50,50,50,50,25,25
608,75,75,50,50,50,50,50,50,50,50,50,50
609,75,75,50,50,50,50,50,50,50,50,75,75
610,75,75,50,50,50,50,50,50,75,75,25,25
611,75,75,50,50,50,50,50,50,75,75,50,50
612,75,75,50,50,50,50,50,50,75,75,75,75
613,75,75,50,50,50,50,75,75,25,25,25,25
614,75,75,50,50,50,50,75,75,25,25,50,50
615,75,75,50,50,50,50,75,75,25,25,75,75
616,75,75,50,50,50,50,75,75,50,50,25,25
617,75,75,50,50,50,50,75,75,50,50,50,50
618,75,75,50,50,50,50,75,75,50,50,75,75
619,75,75,50,50,50,50,75,75,75,75,25,25
620,75,75,50,50,50,50,75,75,75,75,50,50
621,75,75,50,50,50,50,75,75,75,75,75,75
622,75,75,50,50,75,75,25,25,25,25,25,25
623,75,75,50,50,75,75,25,25,25,25,50,50
624,75,75,50,50,75,75,25,25,25,25,75,75
625,75,75,50,50,75,75,25,25,50,50,25,25
626,75,75,50,50,75,75,25,25,50,50,50,50
627,75,75,50,50,75,75,25,25,50,50,75,75
628,75,75,50,50,75,75,25,25,75,75,25,25
629,75,75,50,50,75,75,25,25,75,75,50,50
630,75,75,50,50,75,75,25,25,75,75,75,75
631,75,75,50,50,75,75,50,50,25,25,25,25
632,75,75,50,50,75,75,50,50,25,25,50,50
633,75,75,50,50,75,75,50,50,25,25,75,75
634,75,75,50,50,75,75,50,50,50,50,25,25
635,75,75,50,50,75,75,50,50,50,50,50,50
636,75,75,50,50,75,75,50,50,50,50,75,75
637,75,75,50,50,75,75,50,50,75,75,25,25
638,75,75,50,50,75,75,50,50,75,75,50,50
639,75,75,50,50,75,75,50,50,75,75,75,75
640,75,75,50,50,75,75,75,75,25,25,25,25
641,75,75,50,50,75,75,75,75,25,25,50,50
642,75,75,50,50,75,75,75,75,25,25,75,75
643,75,75,50,50,75,75,75,75,50,50,25,25
644,75,75,50,50,75,75,75,75,50,50,50,50
645,75,75,50,50,75,75,75,75,50,50,75,75
646,75,75,50,50,75,75,75,75,75,75,25,25
647,75,75,50,50,75,75,75,75,75,75,50,50
648,75,75,50,50,75,75,75,75,75,75,75,75
649,75,75,75,75,25,25,25,25,25,25,25,25
650,75,75,75,75,25,25,25,25,25,25,50,50
651,75,75,75,75,25,25,25,25,25,25,75,75
652,75,75,75,75,25,25,25,25,50,50,25,25
653,75,75,75,75,25,25,25,25,50,50,50,50
654,75,75,75,75,25,25,25,25,50,50,75,75
655,75,75,75,75,25,25,25,25,75,75,25,25
656,75,75,75,75,25,25,25,25,75,75,50,50
657,75,75,75,75,25,25,25,25,75,75,75,75
658,75,75,75,75,25,25,50,50,25,25,25,25
659,75,75,75,75,25,25,50,50,25,25,50,50
660,75,75,75,75,25,25,50,50,25,25,75,75
661,75,75,75,75,25,25,50,50,50,50,25,25
662,75,75,75,75,25,25,50,50,50,50,50,50
663,75,75,75,75,25,25,50,50,50,50,75,75
664,75,75,75,75,25,25,50,50,75,75,25,25
665,75,75,75,75,25,25,50,50,75,75,50,50
666,75,75,75,75,25,25,50,50,75,75,75,75
667,75,75,75,75,25,25,75,75,25,25,25,25
668,75,75,75,75,25,25,75,75,25,25,50,50
669,75,75,75,75,25,25,75,75,25,25,75,75
670,75,75,75,75,25,25,75,75,50,50,25,25
671,75,75,75,75,25,25,75,75,50,50,50,50
672,75,75,75,75,25,25,75,75,50,50,75,75
673,75,75,75,75,25,25,75,75,75,75,25,25
674,75,75,75,75,25,25,75,75,75,75,50,50
675,75,75,75,75,25,25,75,75,75,75,75,75
676,75,75,75,75,50,50,25,25,25,25,25,25
677,75,75,75,75,50,50,25,25,25,25,50,50
678,75,75,75,75,50,50,25,25,25,25,75,75
679,75,75,75,75,50,50,25,25,50,50,25,25
680,75,75,75,75,50,50,25,25,50,50,50,50
681,75,75,75,75,50,50,25,25,50,50,75,75
682,75,75,75,75,50,50,25,25,75,75,25,25
683,75,75,75,75,50,50,25,25,75,75,50,50
684,75,75,75,75,50,50,25,25,75,75,75,75
685,75,75,75,75,50,50,50,50,25,25,25,25
686,75,75,75,75,50,50,50,50,25,25,50,50
687,75,75,75,75,50,50,50,50,25,25,75,75
688,75,75,75,75,50,50,50,50,50,50,25,25
689,75,75,75,75,50,50,50,50,50,50,50,50
690,75,75,75,75,50,50,50,50,50,50,75,75
691,75,75,75,75,50,50,50,50,75,75,25,25
692,75,75,75,75,50,50,50,50,75,75,50,50
693,75,75,75,75,50,50,50,50,75,75,75,75
694,75,75,75,75,50,50,75,75,25,25,25,25
695,75,75,75,75,50,50,75,75,25,25,50,50
696,75,75,75,75,50,50,75,75,25,25,75,75
697,75,75,75,75,50,50,75,75,50,50,25,25
698,75,75,75,75,50,50,75,75,50,50,50,50
699,75,75,75,75,50,50,75,75,50,50,75,75
700,75,75,75,75,50,50,75,75,75,75,25,25
701,75,75,75,75,50,50,75,75,75,75,50,50
702,75,75,75,75,50,50,75,75,75,75,75,75
703,75,75,75,75,75,75,25,25,25,25,25,25
704,75,75,75,75,75,75,25,25,25,25,50,50
705,75,75,75,75,75,75,25,25,25,25,75,75
706,75,75,75,75,75,75,25,25,50,50,25,25
707,75,75,75,75,75,75,25,25,50,50,50,50
708,75,75,75,75,75,75,25,25,50,50,75,75
709,75,75,75,75,75,75,25,25,75,75,25,25
710,75,75,75,75,75,75,25,25,75,75,50,50
711,75,75,75,75,75,75,25,25,75,75,75,75
712,75,75,75,75,75,75,50,50,25,25,25,25
713,75,75,75,75,75,75,50,50,25,25,50,50
714,75,75,75,75,75,75,50,50,25,25,75,75
715,75,75,75,75,75,75,50,50,50,50,25,25
716,75,75,75,75,75,75,50,50,50,50,50,50
717,75,75,75,75,75,75,50,50,50,50,75,75
718,75,75,75,75,75,75,50,50,75,75,25,25
719,75,75,75,75,75,75,50,50,75,75,50,50
720,75,75,75,75,75,75,50,50,75,75,75,75
721,75,75,75,75,75,75,75,75,25,25,25,25
722,75,75,75,75,75,75,75,75,25,25,50,50
723,75,75,75,75,75,75,75,75,25,25,75,75
724,75,75,75,75,75,75,75,75,50,50,25,25
725,75,75,75,75,75,75,75,75,50,50,50,50
726,75,75,75,75,75,75,75,75,50,50,75,75
727,75,75,75,75,75,75,75,75,75,75,25,25
728,75,75,75,75,75,75,75,75,75,75,50,50
729,75,75,75,75,75,75,75,75,75,75,75,75
