engine,run_number,seed,patch_index,slum_occupants
netlogo,1,20260712,1,2
netlogo,1,20260712,2,2
netlogo,1,20260712,3,2
netlogo,1,20260712,4,2
netlogo,1,20260712,5,2
netlogo,1,20260712,6,2
netlogo,1,20260712,7,2
netlogo,1,20260712,8,2
netlogo,1,20260712,9,2
netlogo,1,20260712,10,2
netlogo,1,20260712,11,2
netlogo,1,20260712,12,2
netlogo,1,20260712,13,2
netlogo,1,20260712,14,2
netlogo,1,20260712,15,2
netlogo,1,20260712,16,2
netlogo,1,20260712,17,2
netlogo,1,20260712,18,2
netlogo,1,20260712,19,2
netlogo,1,20260712,20,2
netlogo,1,20260712,21,2
netlogo,1,20260712,22,2
netlogo,1,20260712,23,2
netlogo,1,20260712,24,2
netlogo,1,20260712,25,2
netlogo,1,20260712,26,2
netlogo,1,20260712,27,2
netlogo,1,20260712,28,2
netlogo,1,20260712,29,2
netlogo,1,20260712,30,2
netlogo,1,20260712,31,2
netlogo,1,20260712,32,2
netlogo,1,20260712,33,2
netlogo,1,20260712,34,2
netlogo,1,20260712,35,2
netlogo,1,20260712,36,2
netlogo,1,20260712,37,2
netlogo,1,20260712,38,2
netlogo,1,20260712,39,2
netlogo,1,20260712,40,2
netlogo,1,20260712,41,2
netlogo,1,20260712,42,2
netlogo,1,20260712,43,2
netlogo,1,20260712,44,2
netlogo,1,20260712,45,2
netlogo,1,20260712,46,2
netlogo,1,20260712,47,2
netlogo,1,20260712,48,2
netlogo,1,20260712,49,2
netlogo,1,20260712,50,2
netlogo,1,20260712,51,2
netlogo,1,20260712,52,2
netlogo,1,20260712,53,2
netlogo,1,20260712,54,2
netlogo,1,20260712,55,2
netlogo,1,20260712,56,2
netlogo,1,20260712,57,2
netlogo,1,20260712,58,2
netlogo,1,20260712,59,2
netlogo,1,20260712,60,2
netlogo,1,20260712,61,2
netlogo,1,20260712,62,2
netlogo,1,20260712,63,2
netlogo,1,20260712,64,2
netlogo,1,20260712,65,2
netlogo,1,20260712,66,2
netlogo,1,20260712,67,2
netlogo,1,20260712,68,2
netlogo,1,20260712,69,2
netlogo,1,20260712,70,2
netlogo,1,20260712,71,2
netlogo,1,20260712,72,2
netlogo,1,20260712,73,2
netlogo,1,20260712,74,2
netlogo,1,20260712,75,2
netlogo,1,20260712,76,2
netlogo,1,20260712,77,2
netlogo,1,20260712,78,2
netlogo,1,20260712,79,2
netlogo,1,20260712,80,2
netlogo,1,20260712,81,2
netlogo,1,20260712,82,2
netlogo,1,20260712,83,2
netlogo,1,20260712,84,2
netlogo,1,20260712,85,2
netlogo,1,20260712,86,2
netlogo,1,20260712,87,2
netlogo,1,20260712,88,2
netlogo,1,20260712,89,2
netlogo,1,20260712,90,2
netlogo,1,20260712,91,2
netlogo,1,20260712,92,2
netlogo,1,20260712,93,2
netlogo,1,20260712,94,2
netlogo,1,20260712,95,2
netlogo,1,20260712,96,2
netlogo,1,20260712,97,2
netlogo,1,20260712,98,2
netlogo,1,20260712,99,2
netlogo,1,20260712,100,2
netlogo,1,20260712,101,2
netlogo,1,20260712,102,2
netlogo,1,20260712,103,2
netlogo,1,20260712,104,2
netlogo,1,20260712,105,2
netlogo,1,20260712,106,2
netlogo,1,20260712,107,2
netlogo,1,20260712,108,2
netlogo,1,20260712,109,2
netlogo,1,20260712,110,2
netlogo,1,20260712,111,2
netlogo,1,20260712,112,3
netlogo,1,20260712,113,3
netlogo,1,20260712,114,3
netlogo,1,20260712,115,3
netlogo,1,20260712,116,3
netlogo,1,20260712,117,3
netlogo,1,20260712,118,3
netlogo,1,20260712,119,3
netlogo,1,20260712,120,3
netlogo,1,20260712,121,3
netlogo,1,20260712,122,3
netlogo,1,20260712,123,3
netlogo,1,20260712,124,3
netlogo,1,20260712,125,3
netlogo,1,20260712,126,3
netlogo,1,20260712,127,4
netlogo,1,20260712,128,4
netlogo,1,20260712,129,4
netlogo,1,20260712,130,4
netlogo,1,20260712,131,4
netlogo,1,20260712,132,4
netlogo,1,20260712,133,4
netlogo,1,20260712,134,4
netlogo,1,20260712,135,5
netlogo,1,20260712,136,11
netlogo,2,20260713,1,2
netlogo,2,20260713,2,2
netlogo,2,20260713,3,2
netlogo,2,20260713,4,2
netlogo,2,20260713,5,2
netlogo,2,20260713,6,2
netlogo,2,20260713,7,2
netlogo,2,20260713,8,2
netlogo,2,20260713,9,2
netlogo,2,20260713,10,2
netlogo,2,20260713,11,2
netlogo,2,20260713,12,2
netlogo,2,20260713,13,2
netlogo,2,20260713,14,2
netlogo,2,20260713,15,2
netlogo,2,20260713,16,2
netlogo,2,20260713,17,2
netlogo,2,20260713,18,2
netlogo,2,20260713,19,2
netlogo,2,20260713,20,2
netlogo,2,20260713,21,2
netlogo,2,20260713,22,2
netlogo,2,20260713,23,2
netlogo,2,20260713,24,2
netlogo,2,20260713,25,2
netlogo,2,20260713,26,2
netlogo,2,20260713,27,2
netlogo,2,20260713,28,2
netlogo,2,20260713,29,2
netlogo,2,20260713,30,2
netlogo,2,20260713,31,2
netlogo,2,20260713,32,2
netlogo,2,20260713,33,2
netlogo,2,20260713,34,2
netlogo,2,20260713,35,2
netlogo,2,20260713,36,2
netlogo,2,20260713,37,2
netlogo,2,20260713,38,2
netlogo,2,20260713,39,2
netlogo,2,20260713,40,2
netlogo,2,20260713,41,2
netlogo,2,20260713,42,2
netlogo,2,20260713,43,2
netlogo,2,20260713,44,2
netlogo,2,20260713,45,2
netlogo,2,20260713,46,2
netlogo,2,20260713,47,2
netlogo,2,20260713,48,2
netlogo,2,20260713,49,2
netlogo,2,20260713,50,2
netlogo,2,20260713,51,2
netlogo,2,20260713,52,2
netlogo,2,20260713,53,2
netlogo,2,20260713,54,2
netlogo,2,20260713,55,2
netlogo,2,20260713,56,2
netlogo,2,20260713,57,2
netlogo,2,20260713,58,2
netlogo,2,20260713,59,2
netlogo,2,20260713,60,2
netlogo,2,20260713,61,2
netlogo,2,20260713,62,2
netlogo,2,20260713,63,2
netlogo,2,20260713,64,2
netlogo,2,20260713,65,2
netlogo,2,20260713,66,2
netlogo,2,20260713,67,2
netlogo,2,20260713,68,2
netlogo,2,20260713,69,2
netlogo,2,20260713,70,2
netlogo,2,20260713,71,2
netlogo,2,20260713,72,2
netlogo,2,20260713,73,2
netlogo,2,20260713,74,2
netlogo,2,20260713,75,2
netlogo,2,20260713,76,2
netlogo,2,20260713,77,2
netlogo,2,20260713,78,2
netlogo,2,20260713,79,2
netlogo,2,20260713,80,2
netlogo,2,20260713,81,2
netlogo,2,20260713,82,2
netlogo,2,20260713,83,2
netlogo,2,20260713,84,2
netlogo,2,20260713,85,2
netlogo,2,20260713,86,2
netlogo,2,20260713,87,2
netlogo,2,20260713,88,2
netlogo,2,20260713,89,2
netlogo,2,20260713,90,2
netlogo,2,20260713,91,2
netlogo,2,20260713,92,2
netlogo,2,20260713,93,2
netlogo,2,20260713,94,2
netlogo,2,20260713,95,2
netlogo,2,20260713,96,2
netlogo,2,20260713,97,2
netlogo,2,20260713,98,2
netlogo,2,20260713,99,2
netlogo,2,20260713,100,2
netlogo,2,20260713,101,2
netlogo,2,20260713,102,2
netlogo,2,20260713,103,2
netlogo,2,20260713,104,2
netlogo,2,20260713,105,2
netlogo,2,20260713,106,2
netlogo,2,20260713,107,3
netlogo,2,20260713,108,3
netlogo,2,20260713,109,3
netlogo,2,20260713,110,3
netlogo,2,20260713,111,3
netlogo,2,20260713,112,3
netlogo,2,20260713,113,3
netlogo,2,20260713,114,3
netlogo,2,20260713,115,3
netlogo,2,20260713,116,3
netlogo,2,20260713,117,3
netlogo,2,20260713,118,3
netlogo,2,20260713,119,3
netlogo,2,20260713,120,3
netlogo,2,20260713,121,3
netlogo,2,20260713,122,3
netlogo,2,20260713,123,3
netlogo,2,20260713,124,3
netlogo,2,20260713,125,3
netlogo,2,20260713,126,4
netlogo,2,20260713,127,4
netlogo,2,20260713,128,4
netlogo,2,20260713,129,5
netlogo,2,20260713,130,5
netlogo,2,20260713,131,5
netlogo,2,20260713,132,6
netlogo,2,20260713,133,7
netlogo,2,20260713,134,9
netlogo,2,20260713,135,9
netlogo,2,20260713,136,9
netlogo,3,20260714,1,2
netlogo,3,20260714,2,2
netlogo,3,20260714,3,2
netlogo,3,20260714,4,2
netlogo,3,20260714,5,2
netlogo,3,20260714,6,2
netlogo,3,20260714,7,2
netlogo,3,20260714,8,2
netlogo,3,20260714,9,2
netlogo,3,20260714,10,2
netlogo,3,20260714,11,2
netlogo,3,20260714,12,2
netlogo,3,20260714,13,2
netlogo,3,20260714,14,2
netlogo,3,20260714,15,2
netlogo,3,20260714,16,2
netlogo,3,20260714,17,2
netlogo,3,20260714,18,2
netlogo,3,20260714,19,2
netlogo,3,20260714,20,2
netlogo,3,20260714,21,2
netlogo,3,20260714,22,2
netlogo,3,20260714,23,2
netlogo,3,20260714,24,2
netlogo,3,20260714,25,2
netlogo,3,20260714,26,2
netlogo,3,20260714,27,2
netlogo,3,20260714,28,2
netlogo,3,20260714,29,2
netlogo,3,20260714,30,2
netlogo,3,20260714,31,2
netlogo,3,20260714,32,2
netlogo,3,20260714,33,2
netlogo,3,20260714,34,2
netlogo,3,20260714,35,2
netlogo,3,20260714,36,2
netlogo,3,20260714,37,2
netlogo,3,20260714,38,2
netlogo,3,20260714,39,2
netlogo,3,20260714,40,2
netlogo,3,20260714,41,2
netlogo,3,20260714,42,2
netlogo,3,20260714,43,2
netlogo,3,20260714,44,2
netlogo,3,20260714,45,2
netlogo,3,20260714,46,2
netlogo,3,20260714,47,2
netlogo,3,20260714,48,2
netlogo,3,20260714,49,2
netlogo,3,20260714,50,2
netlogo,3,20260714,51,2
netlogo,3,20260714,52,2
netlogo,3,20260714,53,2
netlogo,3,20260714,54,2
netlogo,3,20260714,55,2
netlogo,3,20260714,56,2
netlogo,3,20260714,57,2
netlogo,3,20260714,58,2
netlogo,3,20260714,59,2
netlogo,3,20260714,60,2
netlogo,3,20260714,61,2
netlogo,3,20260714,62,2
netlogo,3,20260714,63,2
netlogo,3,20260714,64,2
netlogo,3,20260714,65,2
netlogo,3,20260714,66,2
netlogo,3,20260714,67,2
netlogo,3,20260714,68,2
netlogo,3,20260714,69,2
netlogo,3,20260714,70,2
netlogo,3,20260714,71,2
netlogo,3,20260714,72,2
netlogo,3,20260714,73,2
netlogo,3,20260714,74,2
netlogo,3,20260714,75,2
netlogo,3,20260714,76,2
netlogo,3,20260714,77,2
netlogo,3,20260714,78,2
netlogo,3,20260714,79,2
netlogo,3,20260714,80,2
netlogo,3,20260714,81,2
netlogo,3,20260714,82,2
netlogo,3,20260714,83,2
netlogo,3,20260714,84,2
netlogo,3,20260714,85,2
netlogo,3,20260714,86,2
netlogo,3,20260714,87,2
netlogo,3,20260714,88,2
netlogo,3,20260714,89,2
netlogo,3,20260714,90,2
netlogo,3,20260714,91,2
netlogo,3,20260714,92,2
netlogo,3,20260714,93,2
netlogo,3,20260714,94,2
netlogo,3,20260714,95,2
netlogo,3,20260714,96,2
netlogo,3,20260714,97,2
netlogo,3,20260714,98,2
netlogo,3,20260714,99,2
netlogo,3,20260714,100,2
netlogo,3,20260714,101,2
netlogo,3,20260714,102,2
netlogo,3,20260714,103,2
netlogo,3,20260714,104,2
netlogo,3,20260714,105,2
netlogo,3,20260714,106,2
netlogo,3,20260714,107,2
netlogo,3,20260714,108,3
netlogo,3,20260714,109,3
netlogo,3,20260714,110,3
netlogo,3,20260714,111,3
netlogo,3,20260714,112,3
netlogo,3,20260714,113,3
netlogo,3,20260714,114,3
netlogo,3,20260714,115,3
netlogo,3,20260714,116,3
netlogo,3,20260714,117,3
netlogo,3,20260714,118,3
netlogo,3,20260714,119,3
netlogo,3,20260714,120,3
netlogo,3,20260714,121,3
netlogo,3,20260714,122,3
netlogo,3,20260714,123,3
netlogo,3,20260714,124,3
netlogo,3,20260714,125,4
netlogo,3,20260714,126,4
netlogo,3,20260714,127,4
netlogo,3,20260714,128,5
netlogo,3,20260714,129,5
netlogo,3,20260714,130,6
netlogo,4,20260715,1,2
netlogo,4,20260715,2,2
netlogo,4,20260715,3,2
netlogo,4,20260715,4,2
netlogo,4,20260715,5,2
netlogo,4,20260715,6,2
netlogo,4,20260715,7,2
netlogo,4,20260715,8,2
netlogo,4,20260715,9,2
netlogo,4,20260715,10,2
netlogo,4,20260715,11,2
netlogo,4,20260715,12,2
netlogo,4,20260715,13,2
netlogo,4,20260715,14,2
netlogo,4,20260715,15,2
netlogo,4,20260715,16,2
netlogo,4,20260715,17,2
netlogo,4,20260715,18,2
netlogo,4,20260715,19,2
netlogo,4,20260715,20,2
netlogo,4,20260715,21,2
netlogo,4,20260715,22,2
netlogo,4,20260715,23,2
netlogo,4,20260715,24,2
netlogo,4,20260715,25,2
netlogo,4,20260715,26,2
netlogo,4,20260715,27,2
netlogo,4,20260715,28,2
netlogo,4,20260715,29,2
netlogo,4,20260715,30,2
netlogo,4,20260715,31,2
netlogo,4,20260715,32,2
netlogo,4,20260715,33,2
netlogo,4,20260715,34,2
netlogo,4,20260715,35,2
netlogo,4,20260715,36,2
netlogo,4,20260715,37,2
netlogo,4,20260715,38,2
netlogo,4,20260715,39,2
netlogo,4,20260715,40,2
netlogo,4,20260715,41,2
netlogo,4,20260715,42,2
netlogo,4,20260715,43,2
netlogo,4,20260715,44,2
netlogo,4,20260715,45,2
netlogo,4,20260715,46,2
netlogo,4,20260715,47,2
netlogo,4,20260715,48,2
netlogo,4,20260715,49,2
netlogo,4,20260715,50,2
netlogo,4,20260715,51,2
netlogo,4,20260715,52,2
netlogo,4,20260715,53,2
netlogo,4,20260715,54,2
netlogo,4,20260715,55,2
netlogo,4,20260715,56,2
netlogo,4,20260715,57,2
netlogo,4,20260715,58,2
netlogo,4,20260715,59,2
netlogo,4,20260715,60,2
netlogo,4,20260715,61,2
netlogo,4,20260715,62,2
netlogo,4,20260715,63,2
netlogo,4,20260715,64,2
netlogo,4,20260715,65,2
netlogo,4,20260715,66,2
netlogo,4,20260715,67,2
netlogo,4,20260715,68,2
netlogo,4,20260715,69,2
netlogo,4,20260715,70,2
netlogo,4,20260715,71,2
netlogo,4,20260715,72,2
netlogo,4,20260715,73,2
netlogo,4,20260715,74,2
netlogo,4,20260715,75,2
netlogo,4,20260715,76,2
netlogo,4,20260715,77,2
netlogo,4,20260715,78,2
netlogo,4,20260715,79,2
netlogo,4,20260715,80,2
netlogo,4,20260715,81,2
netlogo,4,20260715,82,2
netlogo,4,20260715,83,2
netlogo,4,20260715,84,2
netlogo,4,20260715,85,2
netlogo,4,20260715,86,2
netlogo,4,20260715,87,2
netlogo,4,20260715,88,2
netlogo,4,20260715,89,2
netlogo,4,20260715,90,2
netlogo,4,20260715,91,2
netlogo,4,20260715,92,2
netlogo,4,20260715,93,2
netlogo,4,20260715,94,2
netlogo,4,20260715,95,2
netlogo,4,20260715,96,2
netlogo,4,20260715,97,2
netlogo,4,20260715,98,2
netlogo,4,20260715,99,2
netlogo,4,20260715,100,2
netlogo,4,20260715,101,2
netlogo,4,20260715,102,2
netlogo,4,20260715,103,2
netlogo,4,20260715,104,2
netlogo,4,20260715,105,2
netlogo,4,20260715,106,2
netlogo,4,20260715,107,2
netlogo,4,20260715,108,2
netlogo,4,20260715,109,2
netlogo,4,20260715,110,2
netlogo,4,20260715,111,2
netlogo,4,20260715,112,3
netlogo,4,20260715,113,3
netlogo,4,20260715,114,3
netlogo,4,20260715,115,3
netlogo,4,20260715,116,3
netlogo,4,20260715,117,3
netlogo,4,20260715,118,3
netlogo,4,20260715,119,3
netlogo,4,20260715,120,3
netlogo,4,20260715,121,3
netlogo,4,20260715,122,3
netlogo,4,20260715,123,3
netlogo,4,20260715,124,3
netlogo,4,20260715,125,3
netlogo,4,20260715,126,3
netlogo,4,20260715,127,3
netlogo,4,20260715,128,3
netlogo,4,20260715,129,3
netlogo,4,20260715,130,3
netlogo,4,20260715,131,3
netlogo,4,20260715,132,4
netlogo,4,20260715,133,4
netlogo,4,20260715,134,4
netlogo,4,20260715,135,4
netlogo,4,20260715,136,4
netlogo,4,20260715,137,4
netlogo,4,20260715,138,4
netlogo,4,20260715,139,4
netlogo,4,20260715,140,4
netlogo,4,20260715,141,5
netlogo,4,20260715,142,5
netlogo,4,20260715,143,5
netlogo,4,20260715,144,6
netlogo,4,20260715,145,8
netlogo,5,20260716,1,2
netlogo,5,20260716,2,2
netlogo,5,20260716,3,2
netlogo,5,20260716,4,2
netlogo,5,20260716,5,2
netlogo,5,20260716,6,2
netlogo,5,20260716,7,2
netlogo,5,20260716,8,2
netlogo,5,20260716,9,2
netlogo,5,20260716,10,2
netlogo,5,20260716,11,2
netlogo,5,20260716,12,2
netlogo,5,20260716,13,2
netlogo,5,20260716,14,2
netlogo,5,20260716,15,2
netlogo,5,20260716,16,2
netlogo,5,20260716,17,2
netlogo,5,20260716,18,2
netlogo,5,20260716,19,2
netlogo,5,20260716,20,2
netlogo,5,20260716,21,2
netlogo,5,20260716,22,2
netlogo,5,20260716,23,2
netlogo,5,20260716,24,2
netlogo,5,20260716,25,2
netlogo,5,20260716,26,2
netlogo,5,20260716,27,2
netlogo,5,20260716,28,2
netlogo,5,20260716,29,2
netlogo,5,20260716,30,2
netlogo,5,20260716,31,2
netlogo,5,20260716,32,2
netlogo,5,20260716,33,2
netlogo,5,20260716,34,2
netlogo,5,20260716,35,2
netlogo,5,20260716,36,2
netlogo,5,20260716,37,2
netlogo,5,20260716,38,2
netlogo,5,20260716,39,2
netlogo,5,20260716,40,2
netlogo,5,20260716,41,2
netlogo,5,20260716,42,2
netlogo,5,20260716,43,2
netlogo,5,20260716,44,2
netlogo,5,20260716,45,2
netlogo,5,20260716,46,2
netlogo,5,20260716,47,2
netlogo,5,20260716,48,2
netlogo,5,20260716,49,2
netlogo,5,20260716,50,2
netlogo,5,20260716,51,2
netlogo,5,20260716,52,2
netlogo,5,20260716,53,2
netlogo,5,20260716,54,2
netlogo,5,20260716,55,2
netlogo,5,20260716,56,2
netlogo,5,20260716,57,2
netlogo,5,20260716,58,2
netlogo,5,20260716,59,2
netlogo,5,20260716,60,2
netlogo,5,20260716,61,2
netlogo,5,20260716,62,2
netlogo,5,20260716,63,2
netlogo,5,20260716,64,2
netlogo,5,20260716,65,2
netlogo,5,20260716,66,2
netlogo,5,20260716,67,2
netlogo,5,20260716,68,2
netlogo,5,20260716,69,2
netlogo,5,20260716,70,2
netlogo,5,20260716,71,2
netlogo,5,20260716,72,2
netlogo,5,20260716,73,2
netlogo,5,20260716,74,2
netlogo,5,20260716,75,2
netlogo,5,20260716,76,2
netlogo,5,20260716,77,2
netlogo,5,20260716,78,2
netlogo,5,20260716,79,2
netlogo,5,20260716,80,2
netlogo,5,20260716,81,2
netlogo,5,20260716,82,2
netlogo,5,20260716,83,2
netlogo,5,20260716,84,2
netlogo,5,20260716,85,2
netlogo,5,20260716,86,2
netlogo,5,20260716,87,2
netlogo,5,20260716,88,2
netlogo,5,20260716,89,2
netlogo,5,20260716,90,2
netlogo,5,20260716,91,2
netlogo,5,20260716,92,2
netlogo,5,20260716,93,2
netlogo,5,20260716,94,2
netlogo,5,20260716,95,2
netlogo,5,20260716,96,3
netlogo,5,20260716,97,3
netlogo,5,20260716,98,3
netlogo,5,20260716,99,3
netlogo,5,20260716,100,3
netlogo,5,20260716,101,3
netlogo,5,20260716,102,3
netlogo,5,20260716,103,3
netlogo,5,20260716,104,3
netlogo,5,20260716,105,3
netlogo,5,20260716,106,3
netlogo,5,20260716,107,3
netlogo,5,20260716,108,3
netlogo,5,20260716,109,3
netlogo,5,20260716,110,3
netlogo,5,20260716,111,3
netlogo,5,20260716,112,3
netlogo,5,20260716,113,4
netlogo,5,20260716,114,4
netlogo,5,20260716,115,4
netlogo,5,20260716,116,4
netlogo,5,20260716,117,4
netlogo,5,20260716,118,4
netlogo,5,20260716,119,4
netlogo,5,20260716,120,5
netlogo,5,20260716,121,5
netlogo,5,20260716,122,6
netlogo,5,20260716,123,7
netlogo,5,20260716,124,7
netlogo,6,20260717,1,2
netlogo,6,20260717,2,2
netlogo,6,20260717,3,2
netlogo,6,20260717,4,2
netlogo,6,20260717,5,2
netlogo,6,20260717,6,2
netlogo,6,20260717,7,2
netlogo,6,20260717,8,2
netlogo,6,20260717,9,2
netlogo,6,20260717,10,2
netlogo,6,20260717,11,2
netlogo,6,20260717,12,2
netlogo,6,20260717,13,2
netlogo,6,20260717,14,2
netlogo,6,20260717,15,2
netlogo,6,20260717,16,2
netlogo,6,20260717,17,2
netlogo,6,20260717,18,2
netlogo,6,20260717,19,2
netlogo,6,20260717,20,2
netlogo,6,20260717,21,2
netlogo,6,20260717,22,2
netlogo,6,20260717,23,2
netlogo,6,20260717,24,2
netlogo,6,20260717,25,2
netlogo,6,20260717,26,2
netlogo,6,20260717,27,2
netlogo,6,20260717,28,2
netlogo,6,20260717,29,2
netlogo,6,20260717,30,2
netlogo,6,20260717,31,2
netlogo,6,20260717,32,2
netlogo,6,20260717,33,2
netlogo,6,20260717,34,2
netlogo,6,20260717,35,2
netlogo,6,20260717,36,2
netlogo,6,20260717,37,2
netlogo,6,20260717,38,2
netlogo,6,20260717,39,2
netlogo,6,20260717,40,2
netlogo,6,20260717,41,2
netlogo,6,20260717,42,2
netlogo,6,20260717,43,2
netlogo,6,20260717,44,2
netlogo,6,20260717,45,2
netlogo,6,20260717,46,2
netlogo,6,20260717,47,2
netlogo,6,20260717,48,2
netlogo,6,20260717,49,2
netlogo,6,20260717,50,2
netlogo,6,20260717,51,2
netlogo,6,20260717,52,2
netlogo,6,20260717,53,2
netlogo,6,20260717,54,2
netlogo,6,20260717,55,2
netlogo,6,20260717,56,2
netlogo,6,20260717,57,2
netlogo,6,20260717,58,2
netlogo,6,20260717,59,2
netlogo,6,20260717,60,2
netlogo,6,20260717,61,2
netlogo,6,20260717,62,2
netlogo,6,20260717,63,2
netlogo,6,20260717,64,2
netlogo,6,20260717,65,2
netlogo,6,20260717,66,2
netlogo,6,20260717,67,2
netlogo,6,20260717,68,2
netlogo,6,20260717,69,2
netlogo,6,20260717,70,2
netlogo,6,20260717,71,2
netlogo,6,20260717,72,2
netlogo,6,20260717,73,2
netlogo,6,20260717,74,2
netlogo,6,20260717,75,2
netlogo,6,20260717,76,2
netlogo,6,20260717,77,2
netlogo,6,20260717,78,2
netlogo,6,20260717,79,2
netlogo,6,20260717,80,2
netlogo,6,20260717,81,2
netlogo,6,20260717,82,2
netlogo,6,20260717,83,2
netlogo,6,20260717,84,2
netlogo,6,20260717,85,2
netlogo,6,20260717,86,2
netlogo,6,20260717,87,2
netlogo,6,20260717,88,2
netlogo,6,20260717,89,2
netlogo,6,20260717,90,2
netlogo,6,20260717,91,2
netlogo,6,20260717,92,2
netlogo,6,20260717,93,2
netlogo,6,20260717,94,2
netlogo,6,20260717,95,2
netlogo,6,20260717,96,2
netlogo,6,20260717,97,2
netlogo,6,20260717,98,2
netlogo,6,20260717,99,2
netlogo,6,20260717,100,2
netlogo,6,20260717,101,2
netlogo,6,20260717,102,2
netlogo,6,20260717,103,2
netlogo,6,20260717,104,2
netlogo,6,20260717,105,2
netlogo,6,20260717,106,2
netlogo,6,20260717,107,2
netlogo,6,20260717,108,2
netlogo,6,20260717,109,2
netlogo,6,20260717,110,2
netlogo,6,20260717,111,2
netlogo,6,20260717,112,2
netlogo,6,20260717,113,2
netlogo,6,20260717,114,2
netlogo,6,20260717,115,2
netlogo,6,20260717,116,2
netlogo,6,20260717,117,2
netlogo,6,20260717,118,2
netlogo,6,20260717,119,2
netlogo,6,20260717,120,2
netlogo,6,20260717,121,2
netlogo,6,20260717,122,2
netlogo,6,20260717,123,2
netlogo,6,20260717,124,3
netlogo,6,20260717,125,3
netlogo,6,20260717,126,3
netlogo,6,20260717,127,3
netlogo,6,20260717,128,3
netlogo,6,20260717,129,3
netlogo,6,20260717,130,3
netlogo,6,20260717,131,3
netlogo,6,20260717,132,3
netlogo,6,20260717,133,3
netlogo,6,20260717,134,3
netlogo,6,20260717,135,3
netlogo,6,20260717,136,3
netlogo,6,20260717,137,4
netlogo,6,20260717,138,4
netlogo,6,20260717,139,4
netlogo,6,20260717,140,4
netlogo,6,20260717,141,4
netlogo,6,20260717,142,5
netlogo,6,20260717,143,6
netlogo,6,20260717,144,6
netlogo,6,20260717,145,6
netlogo,6,20260717,146,6
netlogo,7,20260718,1,2
netlogo,7,20260718,2,2
netlogo,7,20260718,3,2
netlogo,7,20260718,4,2
netlogo,7,20260718,5,2
netlogo,7,20260718,6,2
netlogo,7,20260718,7,2
netlogo,7,20260718,8,2
netlogo,7,20260718,9,2
netlogo,7,20260718,10,2
netlogo,7,20260718,11,2
netlogo,7,20260718,12,2
netlogo,7,20260718,13,2
netlogo,7,20260718,14,2
netlogo,7,20260718,15,2
netlogo,7,20260718,16,2
netlogo,7,20260718,17,2
netlogo,7,20260718,18,2
netlogo,7,20260718,19,2
netlogo,7,20260718,20,2
netlogo,7,20260718,21,2
netlogo,7,20260718,22,2
netlogo,7,20260718,23,2
netlogo,7,20260718,24,2
netlogo,7,20260718,25,2
netlogo,7,20260718,26,2
netlogo,7,20260718,27,2
netlogo,7,20260718,28,2
netlogo,7,20260718,29,2
netlogo,7,20260718,30,2
netlogo,7,20260718,31,2
netlogo,7,20260718,32,2
netlogo,7,20260718,33,2
netlogo,7,20260718,34,2
netlogo,7,20260718,35,2
netlogo,7,20260718,36,2
netlogo,7,20260718,37,2
netlogo,7,20260718,38,2
netlogo,7,20260718,39,2
netlogo,7,20260718,40,2
netlogo,7,20260718,41,2
netlogo,7,20260718,42,2
netlogo,7,20260718,43,2
netlogo,7,20260718,44,2
netlogo,7,20260718,45,2
netlogo,7,20260718,46,2
netlogo,7,20260718,47,2
netlogo,7,20260718,48,2
netlogo,7,20260718,49,2
netlogo,7,20260718,50,2
netlogo,7,20260718,51,2
netlogo,7,20260718,52,2
netlogo,7,20260718,53,2
netlogo,7,20260718,54,2
netlogo,7,20260718,55,2
netlogo,7,20260718,56,2
netlogo,7,20260718,57,2
netlogo,7,20260718,58,2
netlogo,7,20260718,59,2
netlogo,7,20260718,60,2
netlogo,7,20260718,61,2
netlogo,7,20260718,62,2
netlogo,7,20260718,63,2
netlogo,7,20260718,64,2
netlogo,7,20260718,65,2
netlogo,7,20260718,66,2
netlogo,7,20260718,67,2
netlogo,7,20260718,68,2
netlogo,7,20260718,69,2
netlogo,7,20260718,70,2
netlogo,7,20260718,71,2
netlogo,7,20260718,72,2
netlogo,7,20260718,73,2
netlogo,7,20260718,74,2
netlogo,7,20260718,75,2
netlogo,7,20260718,76,2
netlogo,7,20260718,77,2
netlogo,7,20260718,78,2
netlogo,7,20260718,79,2
netlogo,7,20260718,80,2
netlogo,7,20260718,81,2
netlogo,7,20260718,82,2
netlogo,7,20260718,83,2
netlogo,7,20260718,84,2
netlogo,7,20260718,85,2
netlogo,7,20260718,86,2
netlogo,7,20260718,87,2
netlogo,7,20260718,88,2
netlogo,7,20260718,89,2
netlogo,7,20260718,90,2
netlogo,7,20260718,91,2
netlogo,7,20260718,92,2
netlogo,7,20260718,93,2
netlogo,7,20260718,94,2
netlogo,7,20260718,95,2
netlogo,7,20260718,96,2
netlogo,7,20260718,97,2
netlogo,7,20260718,98,2
netlogo,7,20260718,99,2
netlogo,7,20260718,100,2
netlogo,7,20260718,101,2
netlogo,7,20260718,102,2
netlogo,7,20260718,103,2
netlogo,7,20260718,104,2
netlogo,7,20260718,105,2
netlogo,7,20260718,106,2
netlogo,7,20260718,107,2
netlogo,7,20260718,108,2
netlogo,7,20260718,109,2
netlogo,7,20260718,110,2
netlogo,7,20260718,111,2
netlogo,7,20260718,112,2
netlogo,7,20260718,113,2
netlogo,7,20260718,114,2
netlogo,7,20260718,115,2
netlogo,7,20260718,116,2
netlogo,7,20260718,117,2
netlogo,7,20260718,118,2
netlogo,7,20260718,119,2
netlogo,7,20260718,120,2
netlogo,7,20260718,121,2
netlogo,7,20260718,122,2
netlogo,7,20260718,123,2
netlogo,7,20260718,124,2
netlogo,7,20260718,125,2
netlogo,7,20260718,126,2
netlogo,7,20260718,127,2
netlogo,7,20260718,128,2
netlogo,7,20260718,129,3
netlogo,7,20260718,130,3
netlogo,7,20260718,131,3
netlogo,7,20260718,132,3
netlogo,7,20260718,133,3
netlogo,7,20260718,134,3
netlogo,7,20260718,135,3
netlogo,7,20260718,136,3
netlogo,7,20260718,137,3
netlogo,7,20260718,138,3
netlogo,7,20260718,139,3
netlogo,7,20260718,140,3
netlogo,7,20260718,141,3
netlogo,7,20260718,142,3
netlogo,7,20260718,143,3
netlogo,7,20260718,144,3
netlogo,7,20260718,145,3
netlogo,7,20260718,146,3
netlogo,7,20260718,147,3
netlogo,7,20260718,148,4
netlogo,7,20260718,149,4
netlogo,7,20260718,150,4
netlogo,7,20260718,151,5
netlogo,7,20260718,152,7
netlogo,8,20260719,1,2
netlogo,8,20260719,2,2
netlogo,8,20260719,3,2
netlogo,8,20260719,4,2
netlogo,8,20260719,5,2
netlogo,8,20260719,6,2
netlogo,8,20260719,7,2
netlogo,8,20260719,8,2
netlogo,8,20260719,9,2
netlogo,8,20260719,10,2
netlogo,8,20260719,11,2
netlogo,8,20260719,12,2
netlogo,8,20260719,13,2
netlogo,8,20260719,14,2
netlogo,8,20260719,15,2
netlogo,8,20260719,16,2
netlogo,8,20260719,17,2
netlogo,8,20260719,18,2
netlogo,8,20260719,19,2
netlogo,8,20260719,20,2
netlogo,8,20260719,21,2
netlogo,8,20260719,22,2
netlogo,8,20260719,23,2
netlogo,8,20260719,24,2
netlogo,8,20260719,25,2
netlogo,8,20260719,26,2
netlogo,8,20260719,27,2
netlogo,8,20260719,28,2
netlogo,8,20260719,29,2
netlogo,8,20260719,30,2
netlogo,8,20260719,31,2
netlogo,8,20260719,32,2
netlogo,8,20260719,33,2
netlogo,8,20260719,34,2
netlogo,8,20260719,35,2
netlogo,8,20260719,36,2
netlogo,8,20260719,37,2
netlogo,8,20260719,38,2
netlogo,8,20260719,39,2
netlogo,8,20260719,40,2
netlogo,8,20260719,41,2
netlogo,8,20260719,42,2
netlogo,8,20260719,43,2
netlogo,8,20260719,44,2
netlogo,8,20260719,45,2
netlogo,8,20260719,46,2
netlogo,8,20260719,47,2
netlogo,8,20260719,48,2
netlogo,8,20260719,49,2
netlogo,8,20260719,50,2
netlogo,8,20260719,51,2
netlogo,8,20260719,52,2
netlogo,8,20260719,53,2
netlogo,8,20260719,54,2
netlogo,8,20260719,55,2
netlogo,8,20260719,56,2
netlogo,8,20260719,57,2
netlogo,8,20260719,58,2
netlogo,8,20260719,59,2
netlogo,8,20260719,60,2
netlogo,8,20260719,61,2
netlogo,8,20260719,62,2
netlogo,8,20260719,63,2
netlogo,8,20260719,64,2
netlogo,8,20260719,65,2
netlogo,8,20260719,66,2
netlogo,8,20260719,67,2
netlogo,8,20260719,68,2
netlogo,8,20260719,69,2
netlogo,8,20260719,70,2
netlogo,8,20260719,71,2
netlogo,8,20260719,72,2
netlogo,8,20260719,73,2
netlogo,8,20260719,74,2
netlogo,8,20260719,75,2
netlogo,8,20260719,76,2
netlogo,8,20260719,77,2
netlogo,8,20260719,78,2
netlogo,8,20260719,79,2
netlogo,8,20260719,80,2
netlogo,8,20260719,81,2
netlogo,8,20260719,82,2
netlogo,8,20260719,83,2
netlogo,8,20260719,84,2
netlogo,8,20260719,85,2
netlogo,8,20260719,86,2
netlogo,8,20260719,87,2
netlogo,8,20260719,88,2
netlogo,8,20260719,89,2
netlogo,8,20260719,90,2
netlogo,8,20260719,91,2
netlogo,8,20260719,92,2
netlogo,8,20260719,93,2
netlogo,8,20260719,94,2
netlogo,8,20260719,95,2
netlogo,8,20260719,96,2
netlogo,8,20260719,97,2
netlogo,8,20260719,98,2
netlogo,8,20260719,99,2
netlogo,8,20260719,100,2
netlogo,8,20260719,101,2
netlogo,8,20260719,102,3
netlogo,8,20260719,103,3
netlogo,8,20260719,104,3
netlogo,8,20260719,105,3
netlogo,8,20260719,106,3
netlogo,8,20260719,107,3
netlogo,8,20260719,108,3
netlogo,8,20260719,109,3
netlogo,8,20260719,110,3
netlogo,8,20260719,111,3
netlogo,8,20260719,112,3
netlogo,8,20260719,113,3
netlogo,8,20260719,114,3
netlogo,8,20260719,115,3
netlogo,8,20260719,116,3
netlogo,8,20260719,117,3
netlogo,8,20260719,118,3
netlogo,8,20260719,119,3
netlogo,8,20260719,120,3
netlogo,8,20260719,121,3
netlogo,8,20260719,122,4
netlogo,8,20260719,123,4
netlogo,8,20260719,124,4
netlogo,8,20260719,125,5
netlogo,8,20260719,126,5
netlogo,8,20260719,127,6
netlogo,8,20260719,128,6
netlogo,8,20260719,129,6
netlogo,8,20260719,130,8
netlogo,9,20260720,1,2
netlogo,9,20260720,2,2
netlogo,9,20260720,3,2
netlogo,9,20260720,4,2
netlogo,9,20260720,5,2
netlogo,9,20260720,6,2
netlogo,9,20260720,7,2
netlogo,9,20260720,8,2
netlogo,9,20260720,9,2
netlogo,9,20260720,10,2
netlogo,9,20260720,11,2
netlogo,9,20260720,12,2
netlogo,9,20260720,13,2
netlogo,9,20260720,14,2
netlogo,9,20260720,15,2
netlogo,9,20260720,16,2
netlogo,9,20260720,17,2
netlogo,9,20260720,18,2
netlogo,9,20260720,19,2
netlogo,9,20260720,20,2
netlogo,9,20260720,21,2
netlogo,9,20260720,22,2
netlogo,9,20260720,23,2
netlogo,9,20260720,24,2
netlogo,9,20260720,25,2
netlogo,9,20260720,26,2
netlogo,9,20260720,27,2
netlogo,9,20260720,28,2
netlogo,9,20260720,29,2
netlogo,9,20260720,30,2
netlogo,9,20260720,31,2
netlogo,9,20260720,32,2
netlogo,9,20260720,33,2
netlogo,9,20260720,34,2
netlogo,9,20260720,35,2
netlogo,9,20260720,36,2
netlogo,9,20260720,37,2
netlogo,9,20260720,38,2
netlogo,9,20260720,39,2
netlogo,9,20260720,40,2
netlogo,9,20260720,41,2
netlogo,9,20260720,42,2
netlogo,9,20260720,43,2
netlogo,9,20260720,44,2
netlogo,9,20260720,45,2
netlogo,9,20260720,46,2
netlogo,9,20260720,47,2
netlogo,9,20260720,48,2
netlogo,9,20260720,49,2
netlogo,9,20260720,50,2
netlogo,9,20260720,51,2
netlogo,9,20260720,52,2
netlogo,9,20260720,53,2
netlogo,9,20260720,54,2
netlogo,9,20260720,55,2
netlogo,9,20260720,56,2
netlogo,9,20260720,57,2
netlogo,9,20260720,58,2
netlogo,9,20260720,59,2
netlogo,9,20260720,60,2
netlogo,9,20260720,61,2
netlogo,9,20260720,62,2
netlogo,9,20260720,63,2
netlogo,9,20260720,64,2
netlogo,9,20260720,65,2
netlogo,9,20260720,66,2
netlogo,9,20260720,67,2
netlogo,9,20260720,68,2
netlogo,9,20260720,69,2
netlogo,9,20260720,70,2
netlogo,9,20260720,71,2
netlogo,9,20260720,72,2
netlogo,9,20260720,73,2
netlogo,9,20260720,74,2
netlogo,9,20260720,75,2
netlogo,9,20260720,76,2
netlogo,9,20260720,77,2
netlogo,9,20260720,78,2
netlogo,9,20260720,79,2
netlogo,9,20260720,80,2
netlogo,9,20260720,81,2
netlogo,9,20260720,82,2
netlogo,9,20260720,83,2
netlogo,9,20260720,84,2
netlogo,9,20260720,85,2
netlogo,9,20260720,86,2
netlogo,9,20260720,87,2
netlogo,9,20260720,88,2
netlogo,9,20260720,89,2
netlogo,9,20260720,90,2
netlogo,9,20260720,91,2
netlogo,9,20260720,92,2
netlogo,9,20260720,93,2
netlogo,9,20260720,94,2
netlogo,9,20260720,95,2
netlogo,9,20260720,96,2
netlogo,9,20260720,97,2
netlogo,9,20260720,98,2
netlogo,9,20260720,99,2
netlogo,9,20260720,100,2
netlogo,9,20260720,101,2
netlogo,9,20260720,102,2
netlogo,9,20260720,103,2
netlogo,9,20260720,104,2
netlogo,9,20260720,105,2
netlogo,9,20260720,106,2
netlogo,9,20260720,107,2
netlogo,9,20260720,108,3
netlogo,9,20260720,109,3
netlogo,9,20260720,110,3
netlogo,9,20260720,111,3
netlogo,9,20260720,112,3
netlogo,9,20260720,113,3
netlogo,9,20260720,114,3
netlogo,9,20260720,115,3
netlogo,9,20260720,116,3
netlogo,9,20260720,117,3
netlogo,9,20260720,118,3
netlogo,9,20260720,119,3
netlogo,9,20260720,120,3
netlogo,9,20260720,121,3
netlogo,9,20260720,122,3
netlogo,9,20260720,123,3
netlogo,9,20260720,124,3
netlogo,9,20260720,125,3
netlogo,9,20260720,126,4
netlogo,9,20260720,127,4
netlogo,9,20260720,128,4
netlogo,9,20260720,129,4
netlogo,9,20260720,130,4
netlogo,9,20260720,131,4
netlogo,9,20260720,132,5
netlogo,9,20260720,133,5
netlogo,9,20260720,134,6
netlogo,9,20260720,135,6
netlogo,9,20260720,136,7
netlogo,9,20260720,137,8
netlogo,9,20260720,138,9
netlogo,10,20260721,1,2
netlogo,10,20260721,2,2
netlogo,10,20260721,3,2
netlogo,10,20260721,4,2
netlogo,10,20260721,5,2
netlogo,10,20260721,6,2
netlogo,10,20260721,7,2
netlogo,10,20260721,8,2
netlogo,10,20260721,9,2
netlogo,10,20260721,10,2
netlogo,10,20260721,11,2
netlogo,10,20260721,12,2
netlogo,10,20260721,13,2
netlogo,10,20260721,14,2
netlogo,10,20260721,15,2
netlogo,10,20260721,16,2
netlogo,10,20260721,17,2
netlogo,10,20260721,18,2
netlogo,10,20260721,19,2
netlogo,10,20260721,20,2
netlogo,10,20260721,21,2
netlogo,10,20260721,22,2
netlogo,10,20260721,23,2
netlogo,10,20260721,24,2
netlogo,10,20260721,25,2
netlogo,10,20260721,26,2
netlogo,10,20260721,27,2
netlogo,10,20260721,28,2
netlogo,10,20260721,29,2
netlogo,10,20260721,30,2
netlogo,10,20260721,31,2
netlogo,10,20260721,32,2
netlogo,10,20260721,33,2
netlogo,10,20260721,34,2
netlogo,10,20260721,35,2
netlogo,10,20260721,36,2
netlogo,10,20260721,37,2
netlogo,10,20260721,38,2
netlogo,10,20260721,39,2
netlogo,10,20260721,40,2
netlogo,10,20260721,41,2
netlogo,10,20260721,42,2
netlogo,10,20260721,43,2
netlogo,10,20260721,44,2
netlogo,10,20260721,45,2
netlogo,10,20260721,46,2
netlogo,10,20260721,47,2
netlogo,10,20260721,48,2
netlogo,10,20260721,49,2
netlogo,10,20260721,50,2
netlogo,10,20260721,51,2
netlogo,10,20260721,52,2
netlogo,10,20260721,53,2
netlogo,10,20260721,54,2
netlogo,10,20260721,55,2
netlogo,10,20260721,56,2
netlogo,10,20260721,57,2
netlogo,10,20260721,58,2
netlogo,10,20260721,59,2
netlogo,10,20260721,60,2
netlogo,10,20260721,61,2
netlogo,10,20260721,62,2
netlogo,10,20260721,63,2
netlogo,10,20260721,64,2
netlogo,10,20260721,65,2
netlogo,10,20260721,66,2
netlogo,10,20260721,67,2
netlogo,10,20260721,68,2
netlogo,10,20260721,69,2
netlogo,10,20260721,70,2
netlogo,10,20260721,71,2
netlogo,10,20260721,72,2
netlogo,10,20260721,73,2
netlogo,10,20260721,74,2
netlogo,10,20260721,75,2
netlogo,10,20260721,76,2
netlogo,10,20260721,77,2
netlogo,10,20260721,78,2
netlogo,10,20260721,79,2
netlogo,10,20260721,80,2
netlogo,10,20260721,81,2
netlogo,10,20260721,82,2
netlogo,10,20260721,83,2
netlogo,10,20260721,84,2
netlogo,10,20260721,85,2
netlogo,10,20260721,86,2
netlogo,10,20260721,87,2
netlogo,10,20260721,88,2
netlogo,10,20260721,89,2
netlogo,10,20260721,90,2
netlogo,10,20260721,91,2
netlogo,10,20260721,92,2
netlogo,10,20260721,93,2
netlogo,10,20260721,94,2
netlogo,10,20260721,95,2
netlogo,10,20260721,96,2
netlogo,10,20260721,97,2
netlogo,10,20260721,98,2
netlogo,10,20260721,99,2
netlogo,10,20260721,100,2
netlogo,10,20260721,101,2
netlogo,10,20260721,102,2
netlogo,10,20260721,103,2
netlogo,10,20260721,104,2
netlogo,10,20260721,105,3
netlogo,10,20260721,106,3
netlogo,10,20260721,107,3
netlogo,10,20260721,108,3
netlogo,10,20260721,109,3
netlogo,10,20260721,110,3
netlogo,10,20260721,111,3
netlogo,10,20260721,112,3
netlogo,10,20260721,113,3
netlogo,10,20260721,114,3
netlogo,10,20260721,115,4
netlogo,10,20260721,116,4
netlogo,10,20260721,117,4
netlogo,10,20260721,118,4
netlogo,10,20260721,119,5
netlogo,11,20260722,1,2
netlogo,11,20260722,2,2
netlogo,11,20260722,3,2
netlogo,11,20260722,4,2
netlogo,11,20260722,5,2
netlogo,11,20260722,6,2
netlogo,11,20260722,7,2
netlogo,11,20260722,8,2
netlogo,11,20260722,9,2
netlogo,11,20260722,10,2
netlogo,11,20260722,11,2
netlogo,11,20260722,12,2
netlogo,11,20260722,13,2
netlogo,11,20260722,14,2
netlogo,11,20260722,15,2
netlogo,11,20260722,16,2
netlogo,11,20260722,17,2
netlogo,11,20260722,18,2
netlogo,11,20260722,19,2
netlogo,11,20260722,20,2
netlogo,11,20260722,21,2
netlogo,11,20260722,22,2
netlogo,11,20260722,23,2
netlogo,11,20260722,24,2
netlogo,11,20260722,25,2
netlogo,11,20260722,26,2
netlogo,11,20260722,27,2
netlogo,11,20260722,28,2
netlogo,11,20260722,29,2
netlogo,11,20260722,30,2
netlogo,11,20260722,31,2
netlogo,11,20260722,32,2
netlogo,11,20260722,33,2
netlogo,11,20260722,34,2
netlogo,11,20260722,35,2
netlogo,11,20260722,36,2
netlogo,11,20260722,37,2
netlogo,11,20260722,38,2
netlogo,11,20260722,39,2
netlogo,11,20260722,40,2
netlogo,11,20260722,41,2
netlogo,11,20260722,42,2
netlogo,11,20260722,43,2
netlogo,11,20260722,44,2
netlogo,11,20260722,45,2
netlogo,11,20260722,46,2
netlogo,11,20260722,47,2
netlogo,11,20260722,48,2
netlogo,11,20260722,49,2
netlogo,11,20260722,50,2
netlogo,11,20260722,51,2
netlogo,11,20260722,52,2
netlogo,11,20260722,53,2
netlogo,11,20260722,54,2
netlogo,11,20260722,55,2
netlogo,11,20260722,56,2
netlogo,11,20260722,57,2
netlogo,11,20260722,58,2
netlogo,11,20260722,59,2
netlogo,11,20260722,60,2
netlogo,11,20260722,61,2
netlogo,11,20260722,62,2
netlogo,11,20260722,63,2
netlogo,11,20260722,64,2
netlogo,11,20260722,65,2
netlogo,11,20260722,66,2
netlogo,11,20260722,67,2
netlogo,11,20260722,68,2
netlogo,11,20260722,69,2
netlogo,11,20260722,70,2
netlogo,11,20260722,71,2
netlogo,11,20260722,72,2
netlogo,11,20260722,73,2
netlogo,11,20260722,74,2
netlogo,11,20260722,75,2
netlogo,11,20260722,76,2
netlogo,11,20260722,77,2
netlogo,11,20260722,78,2
netlogo,11,20260722,79,2
netlogo,11,20260722,80,2
netlogo,11,20260722,81,2
netlogo,11,20260722,82,2
netlogo,11,20260722,83,2
netlogo,11,20260722,84,2
netlogo,11,20260722,85,2
netlogo,11,20260722,86,2
netlogo,11,20260722,87,2
netlogo,11,20260722,88,2
netlogo,11,20260722,89,2
netlogo,11,20260722,90,2
netlogo,11,20260722,91,2
netlogo,11,20260722,92,2
netlogo,11,20260722,93,2
netlogo,11,20260722,94,2
netlogo,11,20260722,95,2
netlogo,11,20260722,96,2
netlogo,11,20260722,97,2
netlogo,11,20260722,98,2
netlogo,11,20260722,99,2
netlogo,11,20260722,100,2
netlogo,11,20260722,101,2
netlogo,11,20260722,102,2
netlogo,11,20260722,103,2
netlogo,11,20260722,104,3
netlogo,11,20260722,105,3
netlogo,11,20260722,106,3
netlogo,11,20260722,107,3
netlogo,11,20260722,108,3
netlogo,11,20260722,109,3
netlogo,11,20260722,110,3
netlogo,11,20260722,111,3
netlogo,11,20260722,112,3
netlogo,11,20260722,113,3
netlogo,11,20260722,114,3
netlogo,11,20260722,115,3
netlogo,11,20260722,116,3
netlogo,11,20260722,117,3
netlogo,11,20260722,118,3
netlogo,11,20260722,119,3
netlogo,11,20260722,120,3
netlogo,11,20260722,121,3
netlogo,11,20260722,122,3
netlogo,11,20260722,123,3
netlogo,11,20260722,124,3
netlogo,11,20260722,125,3
netlogo,11,20260722,126,3
netlogo,11,20260722,127,3
netlogo,11,20260722,128,3
netlogo,11,20260722,129,3
netlogo,11,20260722,130,4
netlogo,11,20260722,131,4
netlogo,11,20260722,132,4
netlogo,11,20260722,133,4
netlogo,11,20260722,134,5
netlogo,12,20260723,1,2
netlogo,12,20260723,2,2
netlogo,12,20260723,3,2
netlogo,12,20260723,4,2
netlogo,12,20260723,5,2
netlogo,12,20260723,6,2
netlogo,12,20260723,7,2
netlogo,12,20260723,8,2
netlogo,12,20260723,9,2
netlogo,12,20260723,10,2
netlogo,12,20260723,11,2
netlogo,12,20260723,12,2
netlogo,12,20260723,13,2
netlogo,12,20260723,14,2
netlogo,12,20260723,15,2
netlogo,12,20260723,16,2
netlogo,12,20260723,17,2
netlogo,12,20260723,18,2
netlogo,12,20260723,19,2
netlogo,12,20260723,20,2
netlogo,12,20260723,21,2
netlogo,12,20260723,22,2
netlogo,12,20260723,23,2
netlogo,12,20260723,24,2
netlogo,12,20260723,25,2
netlogo,12,20260723,26,2
netlogo,12,20260723,27,2
netlogo,12,20260723,28,2
netlogo,12,20260723,29,2
netlogo,12,20260723,30,2
netlogo,12,20260723,31,2
netlogo,12,20260723,32,2
netlogo,12,20260723,33,2
netlogo,12,20260723,34,2
netlogo,12,20260723,35,2
netlogo,12,20260723,36,2
netlogo,12,20260723,37,2
netlogo,12,20260723,38,2
netlogo,12,20260723,39,2
netlogo,12,20260723,40,2
netlogo,12,20260723,41,2
netlogo,12,20260723,42,2
netlogo,12,20260723,43,2
netlogo,12,20260723,44,2
netlogo,12,20260723,45,2
netlogo,12,20260723,46,2
netlogo,12,20260723,47,2
netlogo,12,20260723,48,2
netlogo,12,20260723,49,2
netlogo,12,20260723,50,2
netlogo,12,20260723,51,2
netlogo,12,20260723,52,2
netlogo,12,20260723,53,2
netlogo,12,20260723,54,2
netlogo,12,20260723,55,2
netlogo,12,20260723,56,2
netlogo,12,20260723,57,2
netlogo,12,20260723,58,2
netlogo,12,20260723,59,2
netlogo,12,20260723,60,2
netlogo,12,20260723,61,2
netlogo,12,20260723,62,2
netlogo,12,20260723,63,2
netlogo,12,20260723,64,2
netlogo,12,20260723,65,2
netlogo,12,20260723,66,2
netlogo,12,20260723,67,2
netlogo,12,20260723,68,2
netlogo,12,20260723,69,2
netlogo,12,20260723,70,2
netlogo,12,20260723,71,2
netlogo,12,20260723,72,2
netlogo,12,20260723,73,2
netlogo,12,20260723,74,2
netlogo,12,20260723,75,2
netlogo,12,20260723,76,2
netlogo,12,20260723,77,2
netlogo,12,20260723,78,2
netlogo,12,20260723,79,2
netlogo,12,20260723,80,2
netlogo,12,20260723,81,2
netlogo,12,20260723,82,2
netlogo,12,20260723,83,2
netlogo,12,20260723,84,2
netlogo,12,20260723,85,2
netlogo,12,20260723,86,2
netlogo,12,20260723,87,2
netlogo,12,20260723,88,2
netlogo,12,20260723,89,2
netlogo,12,20260723,90,2
netlogo,12,20260723,91,2
netlogo,12,20260723,92,2
netlogo,12,20260723,93,2
netlogo,12,20260723,94,2
netlogo,12,20260723,95,2
netlogo,12,20260723,96,2
netlogo,12,20260723,97,2
netlogo,12,20260723,98,2
netlogo,12,20260723,99,2
netlogo,12,20260723,100,2
netlogo,12,20260723,101,2
netlogo,12,20260723,102,2
netlogo,12,20260723,103,3
netlogo,12,20260723,104,3
netlogo,12,20260723,105,3
netlogo,12,20260723,106,3
netlogo,12,20260723,107,3
netlogo,12,20260723,108,3
netlogo,12,20260723,109,3
netlogo,12,20260723,110,3
netlogo,12,20260723,111,3
netlogo,12,20260723,112,3
netlogo,12,20260723,113,4
netlogo,12,20260723,114,4
netlogo,12,20260723,115,4
netlogo,12,20260723,116,5
netlogo,12,20260723,117,5
netlogo,12,20260723,118,8
netlogo,12,20260723,119,9
netlogo,13,20260724,1,2
netlogo,13,20260724,2,2
netlogo,13,20260724,3,2
netlogo,13,20260724,4,2
netlogo,13,20260724,5,2
netlogo,13,20260724,6,2
netlogo,13,20260724,7,2
netlogo,13,20260724,8,2
netlogo,13,20260724,9,2
netlogo,13,20260724,10,2
netlogo,13,20260724,11,2
netlogo,13,20260724,12,2
netlogo,13,20260724,13,2
netlogo,13,20260724,14,2
netlogo,13,20260724,15,2
netlogo,13,20260724,16,2
netlogo,13,20260724,17,2
netlogo,13,20260724,18,2
netlogo,13,20260724,19,2
netlogo,13,20260724,20,2
netlogo,13,20260724,21,2
netlogo,13,20260724,22,2
netlogo,13,20260724,23,2
netlogo,13,20260724,24,2
netlogo,13,20260724,25,2
netlogo,13,20260724,26,2
netlogo,13,20260724,27,2
netlogo,13,20260724,28,2
netlogo,13,20260724,29,2
netlogo,13,20260724,30,2
netlogo,13,20260724,31,2
netlogo,13,20260724,32,2
netlogo,13,20260724,33,2
netlogo,13,20260724,34,2
netlogo,13,20260724,35,2
netlogo,13,20260724,36,2
netlogo,13,20260724,37,2
netlogo,13,20260724,38,2
netlogo,13,20260724,39,2
netlogo,13,20260724,40,2
netlogo,13,20260724,41,2
netlogo,13,20260724,42,2
netlogo,13,20260724,43,2
netlogo,13,20260724,44,2
netlogo,13,20260724,45,2
netlogo,13,20260724,46,2
netlogo,13,20260724,47,2
netlogo,13,20260724,48,2
netlogo,13,20260724,49,2
netlogo,13,20260724,50,2
netlogo,13,20260724,51,2
netlogo,13,20260724,52,2
netlogo,13,20260724,53,2
netlogo,13,20260724,54,2
netlogo,13,20260724,55,2
netlogo,13,20260724,56,2
netlogo,13,20260724,57,2
netlogo,13,20260724,58,2
netlogo,13,20260724,59,2
netlogo,13,20260724,60,2
netlogo,13,20260724,61,2
netlogo,13,20260724,62,2
netlogo,13,20260724,63,2
netlogo,13,20260724,64,2
netlogo,13,20260724,65,2
netlogo,13,20260724,66,2
netlogo,13,20260724,67,2
netlogo,13,20260724,68,2
netlogo,13,20260724,69,2
netlogo,13,20260724,70,2
netlogo,13,20260724,71,2
netlogo,13,20260724,72,2
netlogo,13,20260724,73,2
netlogo,13,20260724,74,2
netlogo,13,20260724,75,2
netlogo,13,20260724,76,2
netlogo,13,20260724,77,2
netlogo,13,20260724,78,2
netlogo,13,20260724,79,2
netlogo,13,20260724,80,2
netlogo,13,20260724,81,2
netlogo,13,20260724,82,2
netlogo,13,20260724,83,2
netlogo,13,20260724,84,2
netlogo,13,20260724,85,3
netlogo,13,20260724,86,3
netlogo,13,20260724,87,3
netlogo,13,20260724,88,3
netlogo,13,20260724,89,3
netlogo,13,20260724,90,3
netlogo,13,20260724,91,3
netlogo,13,20260724,92,3
netlogo,13,20260724,93,3
netlogo,13,20260724,94,3
netlogo,13,20260724,95,3
netlogo,13,20260724,96,4
netlogo,13,20260724,97,4
netlogo,13,20260724,98,5
netlogo,14,20260725,1,2
netlogo,14,20260725,2,2
netlogo,14,20260725,3,2
netlogo,14,20260725,4,2
netlogo,14,20260725,5,2
netlogo,14,20260725,6,2
netlogo,14,20260725,7,2
netlogo,14,20260725,8,2
netlogo,14,20260725,9,2
netlogo,14,20260725,10,2
netlogo,14,20260725,11,2
netlogo,14,20260725,12,2
netlogo,14,20260725,13,2
netlogo,14,20260725,14,2
netlogo,14,20260725,15,2
netlogo,14,20260725,16,2
netlogo,14,20260725,17,2
netlogo,14,20260725,18,2
netlogo,14,20260725,19,2
netlogo,14,20260725,20,2
netlogo,14,20260725,21,2
netlogo,14,20260725,22,2
netlogo,14,20260725,23,2
netlogo,14,20260725,24,2
netlogo,14,20260725,25,2
netlogo,14,20260725,26,2
netlogo,14,20260725,27,2
netlogo,14,20260725,28,2
netlogo,14,20260725,29,2
netlogo,14,20260725,30,2
netlogo,14,20260725,31,2
netlogo,14,20260725,32,2
netlogo,14,20260725,33,2
netlogo,14,20260725,34,2
netlogo,14,20260725,35,2
netlogo,14,20260725,36,2
netlogo,14,20260725,37,2
netlogo,14,20260725,38,2
netlogo,14,20260725,39,2
netlogo,14,20260725,40,2
netlogo,14,20260725,41,2
netlogo,14,20260725,42,2
netlogo,14,20260725,43,2
netlogo,14,20260725,44,2
netlogo,14,20260725,45,2
netlogo,14,20260725,46,2
netlogo,14,20260725,47,2
netlogo,14,20260725,48,2
netlogo,14,20260725,49,2
netlogo,14,20260725,50,2
netlogo,14,20260725,51,2
netlogo,14,20260725,52,2
netlogo,14,20260725,53,2
netlogo,14,20260725,54,2
netlogo,14,20260725,55,2
netlogo,14,20260725,56,2
netlogo,14,20260725,57,2
netlogo,14,20260725,58,2
netlogo,14,20260725,59,2
netlogo,14,20260725,60,2
netlogo,14,20260725,61,2
netlogo,14,20260725,62,2
netlogo,14,20260725,63,2
netlogo,14,20260725,64,2
netlogo,14,20260725,65,2
netlogo,14,20260725,66,2
netlogo,14,20260725,67,2
netlogo,14,20260725,68,2
netlogo,14,20260725,69,2
netlogo,14,20260725,70,2
netlogo,14,20260725,71,2
netlogo,14,20260725,72,2
netlogo,14,20260725,73,2
netlogo,14,20260725,74,2
netlogo,14,20260725,75,2
netlogo,14,20260725,76,2
netlogo,14,20260725,77,2
netlogo,14,20260725,78,2
netlogo,14,20260725,79,2
netlogo,14,20260725,80,2
netlogo,14,20260725,81,2
netlogo,14,20260725,82,2
netlogo,14,20260725,83,2
netlogo,14,20260725,84,2
netlogo,14,20260725,85,2
netlogo,14,20260725,86,2
netlogo,14,20260725,87,2
netlogo,14,20260725,88,2
netlogo,14,20260725,89,2
netlogo,14,20260725,90,2
netlogo,14,20260725,91,2
netlogo,14,20260725,92,2
netlogo,14,20260725,93,2
netlogo,14,20260725,94,2
netlogo,14,20260725,95,2
netlogo,14,20260725,96,2
netlogo,14,20260725,97,2
netlogo,14,20260725,98,2
netlogo,14,20260725,99,2
netlogo,14,20260725,100,2
netlogo,14,20260725,101,2
netlogo,14,20260725,102,3
netlogo,14,20260725,103,3
netlogo,14,20260725,104,3
netlogo,14,20260725,105,3
netlogo,14,20260725,106,3
netlogo,14,20260725,107,3
netlogo,14,20260725,108,3
netlogo,14,20260725,109,3
netlogo,14,20260725,110,3
netlogo,14,20260725,111,3
netlogo,14,20260725,112,3
netlogo,14,20260725,113,3
netlogo,14,20260725,114,3
netlogo,14,20260725,115,3
netlogo,14,20260725,116,3
netlogo,14,20260725,117,3
netlogo,14,20260725,118,3
netlogo,14,20260725,119,3
netlogo,14,20260725,120,4
netlogo,14,20260725,121,4
netlogo,14,20260725,122,4
netlogo,14,20260725,123,4
netlogo,14,20260725,124,4
netlogo,14,20260725,125,4
netlogo,14,20260725,126,4
netlogo,14,20260725,127,5
netlogo,14,20260725,128,5
netlogo,14,20260725,129,5
netlogo,14,20260725,130,6
netlogo,15,20260726,1,2
netlogo,15,20260726,2,2
netlogo,15,20260726,3,2
netlogo,15,20260726,4,2
netlogo,15,20260726,5,2
netlogo,15,20260726,6,2
netlogo,15,20260726,7,2
netlogo,15,20260726,8,2
netlogo,15,20260726,9,2
netlogo,15,20260726,10,2
netlogo,15,20260726,11,2
netlogo,15,20260726,12,2
netlogo,15,20260726,13,2
netlogo,15,20260726,14,2
netlogo,15,20260726,15,2
netlogo,15,20260726,16,2
netlogo,15,20260726,17,2
netlogo,15,20260726,18,2
netlogo,15,20260726,19,2
netlogo,15,20260726,20,2
netlogo,15,20260726,21,2
netlogo,15,20260726,22,2
netlogo,15,20260726,23,2
netlogo,15,20260726,24,2
netlogo,15,20260726,25,2
netlogo,15,20260726,26,2
netlogo,15,20260726,27,2
netlogo,15,20260726,28,2
netlogo,15,20260726,29,2
netlogo,15,20260726,30,2
netlogo,15,20260726,31,2
netlogo,15,20260726,32,2
netlogo,15,20260726,33,2
netlogo,15,20260726,34,2
netlogo,15,20260726,35,2
netlogo,15,20260726,36,2
netlogo,15,20260726,37,2
netlogo,15,20260726,38,2
netlogo,15,20260726,39,2
netlogo,15,20260726,40,2
netlogo,15,20260726,41,2
netlogo,15,20260726,42,2
netlogo,15,20260726,43,2
netlogo,15,20260726,44,2
netlogo,15,20260726,45,2
netlogo,15,20260726,46,2
netlogo,15,20260726,47,2
netlogo,15,20260726,48,2
netlogo,15,20260726,49,2
netlogo,15,20260726,50,2
netlogo,15,20260726,51,2
netlogo,15,20260726,52,2
netlogo,15,20260726,53,2
netlogo,15,20260726,54,2
netlogo,15,20260726,55,2
netlogo,15,20260726,56,2
netlogo,15,20260726,57,2
netlogo,15,20260726,58,2
netlogo,15,20260726,59,2
netlogo,15,20260726,60,2
netlogo,15,20260726,61,2
netlogo,15,20260726,62,2
netlogo,15,20260726,63,2
netlogo,15,20260726,64,2
netlogo,15,20260726,65,2
netlogo,15,20260726,66,2
netlogo,15,20260726,67,2
netlogo,15,20260726,68,2
netlogo,15,20260726,69,2
netlogo,15,20260726,70,2
netlogo,15,20260726,71,2
netlogo,15,20260726,72,2
netlogo,15,20260726,73,2
netlogo,15,20260726,74,2
netlogo,15,20260726,75,2
netlogo,15,20260726,76,2
netlogo,15,20260726,77,2
netlogo,15,20260726,78,2
netlogo,15,20260726,79,2
netlogo,15,20260726,80,2
netlogo,15,20260726,81,2
netlogo,15,20260726,82,2
netlogo,15,20260726,83,2
netlogo,15,20260726,84,2
netlogo,15,20260726,85,2
netlogo,15,20260726,86,2
netlogo,15,20260726,87,2
netlogo,15,20260726,88,2
netlogo,15,20260726,89,2
netlogo,15,20260726,90,2
netlogo,15,20260726,91,2
netlogo,15,20260726,92,2
netlogo,15,20260726,93,2
netlogo,15,20260726,94,2
netlogo,15,20260726,95,2
netlogo,15,20260726,96,2
netlogo,15,20260726,97,2
netlogo,15,20260726,98,2
netlogo,15,20260726,99,2
netlogo,15,20260726,100,2
netlogo,15,20260726,101,2
netlogo,15,20260726,102,2
netlogo,15,20260726,103,2
netlogo,15,20260726,104,2
netlogo,15,20260726,105,2
netlogo,15,20260726,106,2
netlogo,15,20260726,107,2
netlogo,15,20260726,108,2
netlogo,15,20260726,109,2
netlogo,15,20260726,110,2
netlogo,15,20260726,111,2
netlogo,15,20260726,112,2
netlogo,15,20260726,113,2
netlogo,15,20260726,114,3
netlogo,15,20260726,115,3
netlogo,15,20260726,116,3
netlogo,15,20260726,117,3
netlogo,15,20260726,118,3
netlogo,15,20260726,119,3
netlogo,15,20260726,120,3
netlogo,15,20260726,121,3
netlogo,15,20260726,122,3
netlogo,15,20260726,123,3
netlogo,15,20260726,124,3
netlogo,15,20260726,125,3
netlogo,15,20260726,126,3
netlogo,15,20260726,127,4
netlogo,15,20260726,128,4
netlogo,15,20260726,129,4
netlogo,15,20260726,130,4
netlogo,15,20260726,131,4
netlogo,15,20260726,132,6
netlogo,15,20260726,133,6
netlogo,15,20260726,134,7
netlogo,15,20260726,135,7
netlogo,16,20260727,1,2
netlogo,16,20260727,2,2
netlogo,16,20260727,3,2
netlogo,16,20260727,4,2
netlogo,16,20260727,5,2
netlogo,16,20260727,6,2
netlogo,16,20260727,7,2
netlogo,16,20260727,8,2
netlogo,16,20260727,9,2
netlogo,16,20260727,10,2
netlogo,16,20260727,11,2
netlogo,16,20260727,12,2
netlogo,16,20260727,13,2
netlogo,16,20260727,14,2
netlogo,16,20260727,15,2
netlogo,16,20260727,16,2
netlogo,16,20260727,17,2
netlogo,16,20260727,18,2
netlogo,16,20260727,19,2
netlogo,16,20260727,20,2
netlogo,16,20260727,21,2
netlogo,16,20260727,22,2
netlogo,16,20260727,23,2
netlogo,16,20260727,24,2
netlogo,16,20260727,25,2
netlogo,16,20260727,26,2
netlogo,16,20260727,27,2
netlogo,16,20260727,28,2
netlogo,16,20260727,29,2
netlogo,16,20260727,30,2
netlogo,16,20260727,31,2
netlogo,16,20260727,32,2
netlogo,16,20260727,33,2
netlogo,16,20260727,34,2
netlogo,16,20260727,35,2
netlogo,16,20260727,36,2
netlogo,16,20260727,37,2
netlogo,16,20260727,38,2
netlogo,16,20260727,39,2
netlogo,16,20260727,40,2
netlogo,16,20260727,41,2
netlogo,16,20260727,42,2
netlogo,16,20260727,43,2
netlogo,16,20260727,44,2
netlogo,16,20260727,45,2
netlogo,16,20260727,46,2
netlogo,16,20260727,47,2
netlogo,16,20260727,48,2
netlogo,16,20260727,49,2
netlogo,16,20260727,50,2
netlogo,16,20260727,51,2
netlogo,16,20260727,52,2
netlogo,16,20260727,53,2
netlogo,16,20260727,54,2
netlogo,16,20260727,55,2
netlogo,16,20260727,56,2
netlogo,16,20260727,57,2
netlogo,16,20260727,58,2
netlogo,16,20260727,59,2
netlogo,16,20260727,60,2
netlogo,16,20260727,61,2
netlogo,16,20260727,62,2
netlogo,16,20260727,63,2
netlogo,16,20260727,64,2
netlogo,16,20260727,65,2
netlogo,16,20260727,66,2
netlogo,16,20260727,67,2
netlogo,16,20260727,68,2
netlogo,16,20260727,69,2
netlogo,16,20260727,70,2
netlogo,16,20260727,71,2
netlogo,16,20260727,72,2
netlogo,16,20260727,73,2
netlogo,16,20260727,74,2
netlogo,16,20260727,75,2
netlogo,16,20260727,76,2
netlogo,16,20260727,77,2
netlogo,16,20260727,78,2
netlogo,16,20260727,79,2
netlogo,16,20260727,80,2
netlogo,16,20260727,81,2
netlogo,16,20260727,82,2
netlogo,16,20260727,83,2
netlogo,16,20260727,84,2
netlogo,16,20260727,85,2
netlogo,16,20260727,86,2
netlogo,16,20260727,87,2
netlogo,16,20260727,88,2
netlogo,16,20260727,89,2
netlogo,16,20260727,90,2
netlogo,16,20260727,91,2
netlogo,16,20260727,92,2
netlogo,16,20260727,93,2
netlogo,16,20260727,94,2
netlogo,16,20260727,95,2
netlogo,16,20260727,96,2
netlogo,16,20260727,97,2
netlogo,16,20260727,98,2
netlogo,16,20260727,99,2
netlogo,16,20260727,100,2
netlogo,16,20260727,101,2
netlogo,16,20260727,102,3
netlogo,16,20260727,103,3
netlogo,16,20260727,104,3
netlogo,16,20260727,105,3
netlogo,16,20260727,106,3
netlogo,16,20260727,107,3
netlogo,16,20260727,108,3
netlogo,16,20260727,109,3
netlogo,16,20260727,110,3
netlogo,16,20260727,111,3
netlogo,16,20260727,112,3
netlogo,16,20260727,113,3
netlogo,16,20260727,114,3
netlogo,16,20260727,115,3
netlogo,16,20260727,116,3
netlogo,16,20260727,117,3
netlogo,16,20260727,118,3
netlogo,16,20260727,119,3
netlogo,16,20260727,120,3
netlogo,16,20260727,121,4
netlogo,16,20260727,122,4
netlogo,16,20260727,123,4
netlogo,16,20260727,124,4
netlogo,16,20260727,125,4
netlogo,16,20260727,126,4
netlogo,16,20260727,127,4
netlogo,16,20260727,128,4
netlogo,16,20260727,129,5
netlogo,16,20260727,130,5
netlogo,16,20260727,131,11
netlogo,17,20260728,1,2
netlogo,17,20260728,2,2
netlogo,17,20260728,3,2
netlogo,17,20260728,4,2
netlogo,17,20260728,5,2
netlogo,17,20260728,6,2
netlogo,17,20260728,7,2
netlogo,17,20260728,8,2
netlogo,17,20260728,9,2
netlogo,17,20260728,10,2
netlogo,17,20260728,11,2
netlogo,17,20260728,12,2
netlogo,17,20260728,13,2
netlogo,17,20260728,14,2
netlogo,17,20260728,15,2
netlogo,17,20260728,16,2
netlogo,17,20260728,17,2
netlogo,17,20260728,18,2
netlogo,17,20260728,19,2
netlogo,17,20260728,20,2
netlogo,17,20260728,21,2
netlogo,17,20260728,22,2
netlogo,17,20260728,23,2
netlogo,17,20260728,24,2
netlogo,17,20260728,25,2
netlogo,17,20260728,26,2
netlogo,17,20260728,27,2
netlogo,17,20260728,28,2
netlogo,17,20260728,29,2
netlogo,17,20260728,30,2
netlogo,17,20260728,31,2
netlogo,17,20260728,32,2
netlogo,17,20260728,33,2
netlogo,17,20260728,34,2
netlogo,17,20260728,35,2
netlogo,17,20260728,36,2
netlogo,17,20260728,37,2
netlogo,17,20260728,38,2
netlogo,17,20260728,39,2
netlogo,17,20260728,40,2
netlogo,17,20260728,41,2
netlogo,17,20260728,42,2
netlogo,17,20260728,43,2
netlogo,17,20260728,44,2
netlogo,17,20260728,45,2
netlogo,17,20260728,46,2
netlogo,17,20260728,47,2
netlogo,17,20260728,48,2
netlogo,17,20260728,49,2
netlogo,17,20260728,50,2
netlogo,17,20260728,51,2
netlogo,17,20260728,52,2
netlogo,17,20260728,53,2
netlogo,17,20260728,54,2
netlogo,17,20260728,55,2
netlogo,17,20260728,56,2
netlogo,17,20260728,57,2
netlogo,17,20260728,58,2
netlogo,17,20260728,59,2
netlogo,17,20260728,60,2
netlogo,17,20260728,61,2
netlogo,17,20260728,62,2
netlogo,17,20260728,63,2
netlogo,17,20260728,64,2
netlogo,17,20260728,65,2
netlogo,17,20260728,66,2
netlogo,17,20260728,67,2
netlogo,17,20260728,68,2
netlogo,17,20260728,69,2
netlogo,17,20260728,70,2
netlogo,17,20260728,71,2
netlogo,17,20260728,72,2
netlogo,17,20260728,73,2
netlogo,17,20260728,74,2
netlogo,17,20260728,75,2
netlogo,17,20260728,76,2
netlogo,17,20260728,77,2
netlogo,17,20260728,78,2
netlogo,17,20260728,79,2
netlogo,17,20260728,80,2
netlogo,17,20260728,81,2
netlogo,17,20260728,82,2
netlogo,17,20260728,83,2
netlogo,17,20260728,84,2
netlogo,17,20260728,85,2
netlogo,17,20260728,86,2
netlogo,17,20260728,87,2
netlogo,17,20260728,88,2
netlogo,17,20260728,89,2
netlogo,17,20260728,90,2
netlogo,17,20260728,91,2
netlogo,17,20260728,92,2
netlogo,17,20260728,93,2
netlogo,17,20260728,94,2
netlogo,17,20260728,95,2
netlogo,17,20260728,96,2
netlogo,17,20260728,97,2
netlogo,17,20260728,98,2
netlogo,17,20260728,99,3
netlogo,17,20260728,100,3
netlogo,17,20260728,101,3
netlogo,17,20260728,102,3
netlogo,17,20260728,103,3
netlogo,17,20260728,104,3
netlogo,17,20260728,105,3
netlogo,17,20260728,106,3
netlogo,17,20260728,107,3
netlogo,17,20260728,108,3
netlogo,17,20260728,109,3
netlogo,17,20260728,110,3
netlogo,17,20260728,111,3
netlogo,17,20260728,112,3
netlogo,17,20260728,113,3
netlogo,17,20260728,114,3
netlogo,17,20260728,115,4
netlogo,17,20260728,116,4
netlogo,17,20260728,117,4
netlogo,17,20260728,118,4
netlogo,17,20260728,119,4
netlogo,17,20260728,120,4
netlogo,17,20260728,121,5
netlogo,17,20260728,122,5
netlogo,17,20260728,123,6
netlogo,17,20260728,124,6
netlogo,17,20260728,125,13
netlogo,18,20260729,1,2
netlogo,18,20260729,2,2
netlogo,18,20260729,3,2
netlogo,18,20260729,4,2
netlogo,18,20260729,5,2
netlogo,18,20260729,6,2
netlogo,18,20260729,7,2
netlogo,18,20260729,8,2
netlogo,18,20260729,9,2
netlogo,18,20260729,10,2
netlogo,18,20260729,11,2
netlogo,18,20260729,12,2
netlogo,18,20260729,13,2
netlogo,18,20260729,14,2
netlogo,18,20260729,15,2
netlogo,18,20260729,16,2
netlogo,18,20260729,17,2
netlogo,18,20260729,18,2
netlogo,18,20260729,19,2
netlogo,18,20260729,20,2
netlogo,18,20260729,21,2
netlogo,18,20260729,22,2
netlogo,18,20260729,23,2
netlogo,18,20260729,24,2
netlogo,18,20260729,25,2
netlogo,18,20260729,26,2
netlogo,18,20260729,27,2
netlogo,18,20260729,28,2
netlogo,18,20260729,29,2
netlogo,18,20260729,30,2
netlogo,18,20260729,31,2
netlogo,18,20260729,32,2
netlogo,18,20260729,33,2
netlogo,18,20260729,34,2
netlogo,18,20260729,35,2
netlogo,18,20260729,36,2
netlogo,18,20260729,37,2
netlogo,18,20260729,38,2
netlogo,18,20260729,39,2
netlogo,18,20260729,40,2
netlogo,18,20260729,41,2
netlogo,18,20260729,42,2
netlogo,18,20260729,43,2
netlogo,18,20260729,44,2
netlogo,18,20260729,45,2
netlogo,18,20260729,46,2
netlogo,18,20260729,47,2
netlogo,18,20260729,48,2
netlogo,18,20260729,49,2
netlogo,18,20260729,50,2
netlogo,18,20260729,51,2
netlogo,18,20260729,52,2
netlogo,18,20260729,53,2
netlogo,18,20260729,54,2
netlogo,18,20260729,55,2
netlogo,18,20260729,56,2
netlogo,18,20260729,57,2
netlogo,18,20260729,58,2
netlogo,18,20260729,59,2
netlogo,18,20260729,60,2
netlogo,18,20260729,61,2
netlogo,18,20260729,62,2
netlogo,18,20260729,63,2
netlogo,18,20260729,64,2
netlogo,18,20260729,65,2
netlogo,18,20260729,66,2
netlogo,18,20260729,67,2
netlogo,18,20260729,68,2
netlogo,18,20260729,69,2
netlogo,18,20260729,70,2
netlogo,18,20260729,71,2
netlogo,18,20260729,72,2
netlogo,18,20260729,73,2
netlogo,18,20260729,74,2
netlogo,18,20260729,75,2
netlogo,18,20260729,76,2
netlogo,18,20260729,77,2
netlogo,18,20260729,78,2
netlogo,18,20260729,79,2
netlogo,18,20260729,80,2
netlogo,18,20260729,81,2
netlogo,18,20260729,82,2
netlogo,18,20260729,83,2
netlogo,18,20260729,84,2
netlogo,18,20260729,85,2
netlogo,18,20260729,86,2
netlogo,18,20260729,87,2
netlogo,18,20260729,88,2
netlogo,18,20260729,89,2
netlogo,18,20260729,90,2
netlogo,18,20260729,91,2
netlogo,18,20260729,92,2
netlogo,18,20260729,93,2
netlogo,18,20260729,94,2
netlogo,18,20260729,95,2
netlogo,18,20260729,96,2
netlogo,18,20260729,97,2
netlogo,18,20260729,98,2
netlogo,18,20260729,99,2
netlogo,18,20260729,100,2
netlogo,18,20260729,101,2
netlogo,18,20260729,102,2
netlogo,18,20260729,103,2
netlogo,18,20260729,104,2
netlogo,18,20260729,105,2
netlogo,18,20260729,106,2
netlogo,18,20260729,107,2
netlogo,18,20260729,108,2
netlogo,18,20260729,109,2
netlogo,18,20260729,110,2
netlogo,18,20260729,111,2
netlogo,18,20260729,112,2
netlogo,18,20260729,113,2
netlogo,18,20260729,114,2
netlogo,18,20260729,115,2
netlogo,18,20260729,116,2
netlogo,18,20260729,117,2
netlogo,18,20260729,118,3
netlogo,18,20260729,119,3
netlogo,18,20260729,120,3
netlogo,18,20260729,121,3
netlogo,18,20260729,122,3
netlogo,18,20260729,123,3
netlogo,18,20260729,124,3
netlogo,18,20260729,125,3
netlogo,18,20260729,126,3
netlogo,18,20260729,127,3
netlogo,18,20260729,128,3
netlogo,18,20260729,129,3
netlogo,18,20260729,130,3
netlogo,18,20260729,131,3
netlogo,18,20260729,132,3
netlogo,18,20260729,133,3
netlogo,18,20260729,134,3
netlogo,18,20260729,135,3
netlogo,18,20260729,136,3
netlogo,18,20260729,137,3
netlogo,18,20260729,138,3
netlogo,18,20260729,139,4
netlogo,18,20260729,140,5
netlogo,18,20260729,141,5
netlogo,18,20260729,142,7
netlogo,18,20260729,143,10
netlogo,19,20260730,1,2
netlogo,19,20260730,2,2
netlogo,19,20260730,3,2
netlogo,19,20260730,4,2
netlogo,19,20260730,5,2
netlogo,19,20260730,6,2
netlogo,19,20260730,7,2
netlogo,19,20260730,8,2
netlogo,19,20260730,9,2
netlogo,19,20260730,10,2
netlogo,19,20260730,11,2
netlogo,19,20260730,12,2
netlogo,19,20260730,13,2
netlogo,19,20260730,14,2
netlogo,19,20260730,15,2
netlogo,19,20260730,16,2
netlogo,19,20260730,17,2
netlogo,19,20260730,18,2
netlogo,19,20260730,19,2
netlogo,19,20260730,20,2
netlogo,19,20260730,21,2
netlogo,19,20260730,22,2
netlogo,19,20260730,23,2
netlogo,19,20260730,24,2
netlogo,19,20260730,25,2
netlogo,19,20260730,26,2
netlogo,19,20260730,27,2
netlogo,19,20260730,28,2
netlogo,19,20260730,29,2
netlogo,19,20260730,30,2
netlogo,19,20260730,31,2
netlogo,19,20260730,32,2
netlogo,19,20260730,33,2
netlogo,19,20260730,34,2
netlogo,19,20260730,35,2
netlogo,19,20260730,36,2
netlogo,19,20260730,37,2
netlogo,19,20260730,38,2
netlogo,19,20260730,39,2
netlogo,19,20260730,40,2
netlogo,19,20260730,41,2
netlogo,19,20260730,42,2
netlogo,19,20260730,43,2
netlogo,19,20260730,44,2
netlogo,19,20260730,45,2
netlogo,19,20260730,46,2
netlogo,19,20260730,47,2
netlogo,19,20260730,48,2
netlogo,19,20260730,49,2
netlogo,19,20260730,50,2
netlogo,19,20260730,51,2
netlogo,19,20260730,52,2
netlogo,19,20260730,53,2
netlogo,19,20260730,54,2
netlogo,19,20260730,55,2
netlogo,19,20260730,56,2
netlogo,19,20260730,57,2
netlogo,19,20260730,58,2
netlogo,19,20260730,59,2
netlogo,19,20260730,60,2
netlogo,19,20260730,61,2
netlogo,19,20260730,62,2
netlogo,19,20260730,63,2
netlogo,19,20260730,64,2
netlogo,19,20260730,65,2
netlogo,19,20260730,66,2
netlogo,19,20260730,67,2
netlogo,19,20260730,68,2
netlogo,19,20260730,69,2
netlogo,19,20260730,70,2
netlogo,19,20260730,71,2
netlogo,19,20260730,72,2
netlogo,19,20260730,73,2
netlogo,19,20260730,74,2
netlogo,19,20260730,75,2
netlogo,19,20260730,76,2
netlogo,19,20260730,77,2
netlogo,19,20260730,78,2
netlogo,19,20260730,79,2
netlogo,19,20260730,80,2
netlogo,19,20260730,81,2
netlogo,19,20260730,82,2
netlogo,19,20260730,83,2
netlogo,19,20260730,84,2
netlogo,19,20260730,85,2
netlogo,19,20260730,86,2
netlogo,19,20260730,87,2
netlogo,19,20260730,88,2
netlogo,19,20260730,89,2
netlogo,19,20260730,90,2
netlogo,19,20260730,91,2
netlogo,19,20260730,92,2
netlogo,19,20260730,93,3
netlogo,19,20260730,94,3
netlogo,19,20260730,95,3
netlogo,19,20260730,96,3
netlogo,19,20260730,97,3
netlogo,19,20260730,98,3
netlogo,19,20260730,99,3
netlogo,19,20260730,100,3
netlogo,19,20260730,101,4
netlogo,19,20260730,102,5
netlogo,20,20260731,1,2
netlogo,20,20260731,2,2
netlogo,20,20260731,3,2
netlogo,20,20260731,4,2
netlogo,20,20260731,5,2
netlogo,20,20260731,6,2
netlogo,20,20260731,7,2
netlogo,20,20260731,8,2
netlogo,20,20260731,9,2
netlogo,20,20260731,10,2
netlogo,20,20260731,11,2
netlogo,20,20260731,12,2
netlogo,20,20260731,13,2
netlogo,20,20260731,14,2
netlogo,20,20260731,15,2
netlogo,20,20260731,16,2
netlogo,20,20260731,17,2
netlogo,20,20260731,18,2
netlogo,20,20260731,19,2
netlogo,20,20260731,20,2
netlogo,20,20260731,21,2
netlogo,20,20260731,22,2
netlogo,20,20260731,23,2
netlogo,20,20260731,24,2
netlogo,20,20260731,25,2
netlogo,20,20260731,26,2
netlogo,20,20260731,27,2
netlogo,20,20260731,28,2
netlogo,20,20260731,29,2
netlogo,20,20260731,30,2
netlogo,20,20260731,31,2
netlogo,20,20260731,32,2
netlogo,20,20260731,33,2
netlogo,20,20260731,34,2
netlogo,20,20260731,35,2
netlogo,20,20260731,36,2
netlogo,20,20260731,37,2
netlogo,20,20260731,38,2
netlogo,20,20260731,39,2
netlogo,20,20260731,40,2
netlogo,20,20260731,41,2
netlogo,20,20260731,42,2
netlogo,20,20260731,43,2
netlogo,20,20260731,44,2
netlogo,20,20260731,45,2
netlogo,20,20260731,46,2
netlogo,20,20260731,47,2
netlogo,20,20260731,48,2
netlogo,20,20260731,49,2
netlogo,20,20260731,50,2
netlogo,20,20260731,51,2
netlogo,20,20260731,52,2
netlogo,20,20260731,53,2
netlogo,20,20260731,54,2
netlogo,20,20260731,55,2
netlogo,20,20260731,56,2
netlogo,20,20260731,57,2
netlogo,20,20260731,58,2
netlogo,20,20260731,59,2
netlogo,20,20260731,60,2
netlogo,20,20260731,61,2
netlogo,20,20260731,62,2
netlogo,20,20260731,63,2
netlogo,20,20260731,64,2
netlogo,20,20260731,65,2
netlogo,20,20260731,66,2
netlogo,20,20260731,67,2
netlogo,20,20260731,68,2
netlogo,20,20260731,69,2
netlogo,20,20260731,70,2
netlogo,20,20260731,71,2
netlogo,20,20260731,72,2
netlogo,20,20260731,73,2
netlogo,20,20260731,74,2
netlogo,20,20260731,75,2
netlogo,20,20260731,76,2
netlogo,20,20260731,77,2
netlogo,20,20260731,78,2
netlogo,20,20260731,79,2
netlogo,20,20260731,80,2
netlogo,20,20260731,81,2
netlogo,20,20260731,82,2
netlogo,20,20260731,83,2
netlogo,20,20260731,84,2
netlogo,20,20260731,85,2
netlogo,20,20260731,86,2
netlogo,20,20260731,87,2
netlogo,20,20260731,88,2
netlogo,20,20260731,89,2
netlogo,20,20260731,90,2
netlogo,20,20260731,91,2
netlogo,20,20260731,92,2
netlogo,20,20260731,93,2
netlogo,20,20260731,94,2
netlogo,20,20260731,95,2
netlogo,20,20260731,96,2
netlogo,20,20260731,97,2
netlogo,20,20260731,98,2
netlogo,20,20260731,99,2
netlogo,20,20260731,100,3
netlogo,20,20260731,101,3
netlogo,20,20260731,102,3
netlogo,20,20260731,103,3
netlogo,20,20260731,104,3
netlogo,20,20260731,105,3
netlogo,20,20260731,106,3
netlogo,20,20260731,107,3
netlogo,20,20260731,108,3
netlogo,20,20260731,109,3
netlogo,20,20260731,110,3
netlogo,20,20260731,111,3
netlogo,20,20260731,112,3
netlogo,20,20260731,113,3
netlogo,20,20260731,114,3
netlogo,20,20260731,115,4
netlogo,20,20260731,116,9
netlogo,21,20260732,1,2
netlogo,21,20260732,2,2
netlogo,21,20260732,3,2
netlogo,21,20260732,4,2
netlogo,21,20260732,5,2
netlogo,21,20260732,6,2
netlogo,21,20260732,7,2
netlogo,21,20260732,8,2
netlogo,21,20260732,9,2
netlogo,21,20260732,10,2
netlogo,21,20260732,11,2
netlogo,21,20260732,12,2
netlogo,21,20260732,13,2
netlogo,21,20260732,14,2
netlogo,21,20260732,15,2
netlogo,21,20260732,16,2
netlogo,21,20260732,17,2
netlogo,21,20260732,18,2
netlogo,21,20260732,19,2
netlogo,21,20260732,20,2
netlogo,21,20260732,21,2
netlogo,21,20260732,22,2
netlogo,21,20260732,23,2
netlogo,21,20260732,24,2
netlogo,21,20260732,25,2
netlogo,21,20260732,26,2
netlogo,21,20260732,27,2
netlogo,21,20260732,28,2
netlogo,21,20260732,29,2
netlogo,21,20260732,30,2
netlogo,21,20260732,31,2
netlogo,21,20260732,32,2
netlogo,21,20260732,33,2
netlogo,21,20260732,34,2
netlogo,21,20260732,35,2
netlogo,21,20260732,36,2
netlogo,21,20260732,37,2
netlogo,21,20260732,38,2
netlogo,21,20260732,39,2
netlogo,21,20260732,40,2
netlogo,21,20260732,41,2
netlogo,21,20260732,42,2
netlogo,21,20260732,43,2
netlogo,21,20260732,44,2
netlogo,21,20260732,45,2
netlogo,21,20260732,46,2
netlogo,21,20260732,47,2
netlogo,21,20260732,48,2
netlogo,21,20260732,49,2
netlogo,21,20260732,50,2
netlogo,21,20260732,51,2
netlogo,21,20260732,52,2
netlogo,21,20260732,53,2
netlogo,21,20260732,54,2
netlogo,21,20260732,55,2
netlogo,21,20260732,56,2
netlogo,21,20260732,57,2
netlogo,21,20260732,58,2
netlogo,21,20260732,59,2
netlogo,21,20260732,60,2
netlogo,21,20260732,61,2
netlogo,21,20260732,62,2
netlogo,21,20260732,63,2
netlogo,21,20260732,64,2
netlogo,21,20260732,65,2
netlogo,21,20260732,66,2
netlogo,21,20260732,67,2
netlogo,21,20260732,68,2
netlogo,21,20260732,69,2
netlogo,21,20260732,70,2
netlogo,21,20260732,71,2
netlogo,21,20260732,72,2
netlogo,21,20260732,73,2
netlogo,21,20260732,74,2
netlogo,21,20260732,75,2
netlogo,21,20260732,76,2
netlogo,21,20260732,77,2
netlogo,21,20260732,78,2
netlogo,21,20260732,79,2
netlogo,21,20260732,80,2
netlogo,21,20260732,81,2
netlogo,21,20260732,82,2
netlogo,21,20260732,83,2
netlogo,21,20260732,84,2
netlogo,21,20260732,85,2
netlogo,21,20260732,86,2
netlogo,21,20260732,87,2
netlogo,21,20260732,88,2
netlogo,21,20260732,89,2
netlogo,21,20260732,90,2
netlogo,21,20260732,91,2
netlogo,21,20260732,92,2
netlogo,21,20260732,93,2
netlogo,21,20260732,94,2
netlogo,21,20260732,95,2
netlogo,21,20260732,96,2
netlogo,21,20260732,97,2
netlogo,21,20260732,98,2
netlogo,21,20260732,99,2
netlogo,21,20260732,100,2
netlogo,21,20260732,101,2
netlogo,21,20260732,102,2
netlogo,21,20260732,103,2
netlogo,21,20260732,104,2
netlogo,21,20260732,105,2
netlogo,21,20260732,106,2
netlogo,21,20260732,107,2
netlogo,21,20260732,108,2
netlogo,21,20260732,109,2
netlogo,21,20260732,110,3
netlogo,21,20260732,111,3
netlogo,21,20260732,112,3
netlogo,21,20260732,113,3
netlogo,21,20260732,114,3
netlogo,21,20260732,115,3
netlogo,21,20260732,116,3
netlogo,21,20260732,117,3
netlogo,21,20260732,118,3
netlogo,21,20260732,119,3
netlogo,21,20260732,120,3
netlogo,21,20260732,121,3
netlogo,21,20260732,122,3
netlogo,21,20260732,123,3
netlogo,21,20260732,124,3
netlogo,21,20260732,125,3
netlogo,21,20260732,126,4
netlogo,21,20260732,127,4
netlogo,21,20260732,128,4
netlogo,21,20260732,129,4
netlogo,21,20260732,130,4
netlogo,21,20260732,131,4
netlogo,21,20260732,132,8
netlogo,22,20260733,1,2
netlogo,22,20260733,2,2
netlogo,22,20260733,3,2
netlogo,22,20260733,4,2
netlogo,22,20260733,5,2
netlogo,22,20260733,6,2
netlogo,22,20260733,7,2
netlogo,22,20260733,8,2
netlogo,22,20260733,9,2
netlogo,22,20260733,10,2
netlogo,22,20260733,11,2
netlogo,22,20260733,12,2
netlogo,22,20260733,13,2
netlogo,22,20260733,14,2
netlogo,22,20260733,15,2
netlogo,22,20260733,16,2
netlogo,22,20260733,17,2
netlogo,22,20260733,18,2
netlogo,22,20260733,19,2
netlogo,22,20260733,20,2
netlogo,22,20260733,21,2
netlogo,22,20260733,22,2
netlogo,22,20260733,23,2
netlogo,22,20260733,24,2
netlogo,22,20260733,25,2
netlogo,22,20260733,26,2
netlogo,22,20260733,27,2
netlogo,22,20260733,28,2
netlogo,22,20260733,29,2
netlogo,22,20260733,30,2
netlogo,22,20260733,31,2
netlogo,22,20260733,32,2
netlogo,22,20260733,33,2
netlogo,22,20260733,34,2
netlogo,22,20260733,35,2
netlogo,22,20260733,36,2
netlogo,22,20260733,37,2
netlogo,22,20260733,38,2
netlogo,22,20260733,39,2
netlogo,22,20260733,40,2
netlogo,22,20260733,41,2
netlogo,22,20260733,42,2
netlogo,22,20260733,43,2
netlogo,22,20260733,44,2
netlogo,22,20260733,45,2
netlogo,22,20260733,46,2
netlogo,22,20260733,47,2
netlogo,22,20260733,48,2
netlogo,22,20260733,49,2
netlogo,22,20260733,50,2
netlogo,22,20260733,51,2
netlogo,22,20260733,52,2
netlogo,22,20260733,53,2
netlogo,22,20260733,54,2
netlogo,22,20260733,55,2
netlogo,22,20260733,56,2
netlogo,22,20260733,57,2
netlogo,22,20260733,58,2
netlogo,22,20260733,59,2
netlogo,22,20260733,60,2
netlogo,22,20260733,61,2
netlogo,22,20260733,62,2
netlogo,22,20260733,63,2
netlogo,22,20260733,64,2
netlogo,22,20260733,65,2
netlogo,22,20260733,66,2
netlogo,22,20260733,67,2
netlogo,22,20260733,68,2
netlogo,22,20260733,69,2
netlogo,22,20260733,70,2
netlogo,22,20260733,71,2
netlogo,22,20260733,72,2
netlogo,22,20260733,73,2
netlogo,22,20260733,74,2
netlogo,22,20260733,75,2
netlogo,22,20260733,76,2
netlogo,22,20260733,77,2
netlogo,22,20260733,78,2
netlogo,22,20260733,79,2
netlogo,22,20260733,80,2
netlogo,22,20260733,81,2
netlogo,22,20260733,82,2
netlogo,22,20260733,83,2
netlogo,22,20260733,84,2
netlogo,22,20260733,85,2
netlogo,22,20260733,86,2
netlogo,22,20260733,87,2
netlogo,22,20260733,88,2
netlogo,22,20260733,89,2
netlogo,22,20260733,90,2
netlogo,22,20260733,91,2
netlogo,22,20260733,92,2
netlogo,22,20260733,93,2
netlogo,22,20260733,94,2
netlogo,22,20260733,95,2
netlogo,22,20260733,96,2
netlogo,22,20260733,97,2
netlogo,22,20260733,98,2
netlogo,22,20260733,99,2
netlogo,22,20260733,100,2
netlogo,22,20260733,101,2
netlogo,22,20260733,102,2
netlogo,22,20260733,103,2
netlogo,22,20260733,104,2
netlogo,22,20260733,105,2
netlogo,22,20260733,106,2
netlogo,22,20260733,107,2
netlogo,22,20260733,108,2
netlogo,22,20260733,109,3
netlogo,22,20260733,110,3
netlogo,22,20260733,111,3
netlogo,22,20260733,112,3
netlogo,22,20260733,113,3
netlogo,22,20260733,114,3
netlogo,22,20260733,115,3
netlogo,22,20260733,116,3
netlogo,22,20260733,117,3
netlogo,22,20260733,118,3
netlogo,22,20260733,119,4
netlogo,22,20260733,120,4
netlogo,22,20260733,121,4
netlogo,22,20260733,122,4
netlogo,22,20260733,123,6
netlogo,23,20260734,1,2
netlogo,23,20260734,2,2
netlogo,23,20260734,3,2
netlogo,23,20260734,4,2
netlogo,23,20260734,5,2
netlogo,23,20260734,6,2
netlogo,23,20260734,7,2
netlogo,23,20260734,8,2
netlogo,23,20260734,9,2
netlogo,23,20260734,10,2
netlogo,23,20260734,11,2
netlogo,23,20260734,12,2
netlogo,23,20260734,13,2
netlogo,23,20260734,14,2
netlogo,23,20260734,15,2
netlogo,23,20260734,16,2
netlogo,23,20260734,17,2
netlogo,23,20260734,18,2
netlogo,23,20260734,19,2
netlogo,23,20260734,20,2
netlogo,23,20260734,21,2
netlogo,23,20260734,22,2
netlogo,23,20260734,23,2
netlogo,23,20260734,24,2
netlogo,23,20260734,25,2
netlogo,23,20260734,26,2
netlogo,23,20260734,27,2
netlogo,23,20260734,28,2
netlogo,23,20260734,29,2
netlogo,23,20260734,30,2
netlogo,23,20260734,31,2
netlogo,23,20260734,32,2
netlogo,23,20260734,33,2
netlogo,23,20260734,34,2
netlogo,23,20260734,35,2
netlogo,23,20260734,36,2
netlogo,23,20260734,37,2
netlogo,23,20260734,38,2
netlogo,23,20260734,39,2
netlogo,23,20260734,40,2
netlogo,23,20260734,41,2
netlogo,23,20260734,42,2
netlogo,23,20260734,43,2
netlogo,23,20260734,44,2
netlogo,23,20260734,45,2
netlogo,23,20260734,46,2
netlogo,23,20260734,47,2
netlogo,23,20260734,48,2
netlogo,23,20260734,49,2
netlogo,23,20260734,50,2
netlogo,23,20260734,51,2
netlogo,23,20260734,52,2
netlogo,23,20260734,53,2
netlogo,23,20260734,54,2
netlogo,23,20260734,55,2
netlogo,23,20260734,56,2
netlogo,23,20260734,57,2
netlogo,23,20260734,58,2
netlogo,23,20260734,59,2
netlogo,23,20260734,60,2
netlogo,23,20260734,61,2
netlogo,23,20260734,62,2
netlogo,23,20260734,63,2
netlogo,23,20260734,64,2
netlogo,23,20260734,65,2
netlogo,23,20260734,66,2
netlogo,23,20260734,67,2
netlogo,23,20260734,68,2
netlogo,23,20260734,69,2
netlogo,23,20260734,70,2
netlogo,23,20260734,71,2
netlogo,23,20260734,72,2
netlogo,23,20260734,73,2
netlogo,23,20260734,74,2
netlogo,23,20260734,75,2
netlogo,23,20260734,76,2
netlogo,23,20260734,77,2
netlogo,23,20260734,78,2
netlogo,23,20260734,79,2
netlogo,23,20260734,80,2
netlogo,23,20260734,81,2
netlogo,23,20260734,82,2
netlogo,23,20260734,83,2
netlogo,23,20260734,84,2
netlogo,23,20260734,85,2
netlogo,23,20260734,86,2
netlogo,23,20260734,87,2
netlogo,23,20260734,88,2
netlogo,23,20260734,89,2
netlogo,23,20260734,90,2
netlogo,23,20260734,91,2
netlogo,23,20260734,92,2
netlogo,23,20260734,93,2
netlogo,23,20260734,94,2
netlogo,23,20260734,95,2
netlogo,23,20260734,96,2
netlogo,23,20260734,97,2
netlogo,23,20260734,98,3
netlogo,23,20260734,99,3
netlogo,23,20260734,100,3
netlogo,23,20260734,101,3
netlogo,23,20260734,102,3
netlogo,23,20260734,103,3
netlogo,23,20260734,104,3
netlogo,23,20260734,105,3
netlogo,23,20260734,106,4
netlogo,23,20260734,107,4
netlogo,24,20260735,1,2
netlogo,24,20260735,2,2
netlogo,24,20260735,3,2
netlogo,24,20260735,4,2
netlogo,24,20260735,5,2
netlogo,24,20260735,6,2
netlogo,24,20260735,7,2
netlogo,24,20260735,8,2
netlogo,24,20260735,9,2
netlogo,24,20260735,10,2
netlogo,24,20260735,11,2
netlogo,24,20260735,12,2
netlogo,24,20260735,13,2
netlogo,24,20260735,14,2
netlogo,24,20260735,15,2
netlogo,24,20260735,16,2
netlogo,24,20260735,17,2
netlogo,24,20260735,18,2
netlogo,24,20260735,19,2
netlogo,24,20260735,20,2
netlogo,24,20260735,21,2
netlogo,24,20260735,22,2
netlogo,24,20260735,23,2
netlogo,24,20260735,24,2
netlogo,24,20260735,25,2
netlogo,24,20260735,26,2
netlogo,24,20260735,27,2
netlogo,24,20260735,28,2
netlogo,24,20260735,29,2
netlogo,24,20260735,30,2
netlogo,24,20260735,31,2
netlogo,24,20260735,32,2
netlogo,24,20260735,33,2
netlogo,24,20260735,34,2
netlogo,24,20260735,35,2
netlogo,24,20260735,36,2
netlogo,24,20260735,37,2
netlogo,24,20260735,38,2
netlogo,24,20260735,39,2
netlogo,24,20260735,40,2
netlogo,24,20260735,41,2
netlogo,24,20260735,42,2
netlogo,24,20260735,43,2
netlogo,24,20260735,44,2
netlogo,24,20260735,45,2
netlogo,24,20260735,46,2
netlogo,24,20260735,47,2
netlogo,24,20260735,48,2
netlogo,24,20260735,49,2
netlogo,24,20260735,50,2
netlogo,24,20260735,51,2
netlogo,24,20260735,52,2
netlogo,24,20260735,53,2
netlogo,24,20260735,54,2
netlogo,24,20260735,55,2
netlogo,24,20260735,56,2
netlogo,24,20260735,57,2
netlogo,24,20260735,58,2
netlogo,24,20260735,59,2
netlogo,24,20260735,60,2
netlogo,24,20260735,61,2
netlogo,24,20260735,62,2
netlogo,24,20260735,63,2
netlogo,24,20260735,64,2
netlogo,24,20260735,65,2
netlogo,24,20260735,66,2
netlogo,24,20260735,67,2
netlogo,24,20260735,68,2
netlogo,24,20260735,69,2
netlogo,24,20260735,70,2
netlogo,24,20260735,71,2
netlogo,24,20260735,72,2
netlogo,24,20260735,73,2
netlogo,24,20260735,74,2
netlogo,24,20260735,75,2
netlogo,24,20260735,76,2
netlogo,24,20260735,77,2
netlogo,24,20260735,78,2
netlogo,24,20260735,79,2
netlogo,24,20260735,80,2
netlogo,24,20260735,81,2
netlogo,24,20260735,82,2
netlogo,24,20260735,83,2
netlogo,24,20260735,84,2
netlogo,24,20260735,85,2
netlogo,24,20260735,86,2
netlogo,24,20260735,87,2
netlogo,24,20260735,88,2
netlogo,24,20260735,89,2
netlogo,24,20260735,90,2
netlogo,24,20260735,91,2
netlogo,24,20260735,92,2
netlogo,24,20260735,93,2
netlogo,24,20260735,94,2
netlogo,24,20260735,95,2
netlogo,24,20260735,96,2
netlogo,24,20260735,97,2
netlogo,24,20260735,98,2
netlogo,24,20260735,99,2
netlogo,24,20260735,100,2
netlogo,24,20260735,101,2
netlogo,24,20260735,102,2
netlogo,24,20260735,103,2
netlogo,24,20260735,104,2
netlogo,24,20260735,105,2
netlogo,24,20260735,106,2
netlogo,24,20260735,107,2
netlogo,24,20260735,108,2
netlogo,24,20260735,109,2
netlogo,24,20260735,110,2
netlogo,24,20260735,111,3
netlogo,24,20260735,112,3
netlogo,24,20260735,113,3
netlogo,24,20260735,114,3
netlogo,24,20260735,115,3
netlogo,24,20260735,116,3
netlogo,24,20260735,117,3
netlogo,24,20260735,118,3
netlogo,24,20260735,119,3
netlogo,24,20260735,120,3
netlogo,24,20260735,121,3
netlogo,24,20260735,122,3
netlogo,24,20260735,123,3
netlogo,24,20260735,124,3
netlogo,24,20260735,125,3
netlogo,24,20260735,126,3
netlogo,24,20260735,127,3
netlogo,24,20260735,128,3
netlogo,24,20260735,129,3
netlogo,24,20260735,130,3
netlogo,24,20260735,131,4
netlogo,24,20260735,132,4
netlogo,24,20260735,133,4
netlogo,24,20260735,134,4
netlogo,24,20260735,135,4
netlogo,24,20260735,136,4
netlogo,24,20260735,137,4
netlogo,24,20260735,138,4
netlogo,24,20260735,139,5
netlogo,24,20260735,140,5
netlogo,24,20260735,141,5
netlogo,24,20260735,142,6
netlogo,24,20260735,143,6
netlogo,24,20260735,144,7
netlogo,24,20260735,145,8
netlogo,25,20260736,1,2
netlogo,25,20260736,2,2
netlogo,25,20260736,3,2
netlogo,25,20260736,4,2
netlogo,25,20260736,5,2
netlogo,25,20260736,6,2
netlogo,25,20260736,7,2
netlogo,25,20260736,8,2
netlogo,25,20260736,9,2
netlogo,25,20260736,10,2
netlogo,25,20260736,11,2
netlogo,25,20260736,12,2
netlogo,25,20260736,13,2
netlogo,25,20260736,14,2
netlogo,25,20260736,15,2
netlogo,25,20260736,16,2
netlogo,25,20260736,17,2
netlogo,25,20260736,18,2
netlogo,25,20260736,19,2
netlogo,25,20260736,20,2
netlogo,25,20260736,21,2
netlogo,25,20260736,22,2
netlogo,25,20260736,23,2
netlogo,25,20260736,24,2
netlogo,25,20260736,25,2
netlogo,25,20260736,26,2
netlogo,25,20260736,27,2
netlogo,25,20260736,28,2
netlogo,25,20260736,29,2
netlogo,25,20260736,30,2
netlogo,25,20260736,31,2
netlogo,25,20260736,32,2
netlogo,25,20260736,33,2
netlogo,25,20260736,34,2
netlogo,25,20260736,35,2
netlogo,25,20260736,36,2
netlogo,25,20260736,37,2
netlogo,25,20260736,38,2
netlogo,25,20260736,39,2
netlogo,25,20260736,40,2
netlogo,25,20260736,41,2
netlogo,25,20260736,42,2
netlogo,25,20260736,43,2
netlogo,25,20260736,44,2
netlogo,25,20260736,45,2
netlogo,25,20260736,46,2
netlogo,25,20260736,47,2
netlogo,25,20260736,48,2
netlogo,25,20260736,49,2
netlogo,25,20260736,50,2
netlogo,25,20260736,51,2
netlogo,25,20260736,52,2
netlogo,25,20260736,53,2
netlogo,25,20260736,54,2
netlogo,25,20260736,55,2
netlogo,25,20260736,56,2
netlogo,25,20260736,57,2
netlogo,25,20260736,58,2
netlogo,25,20260736,59,2
netlogo,25,20260736,60,2
netlogo,25,20260736,61,2
netlogo,25,20260736,62,2
netlogo,25,20260736,63,2
netlogo,25,20260736,64,2
netlogo,25,20260736,65,2
netlogo,25,20260736,66,2
netlogo,25,20260736,67,2
netlogo,25,20260736,68,2
netlogo,25,20260736,69,2
netlogo,25,20260736,70,2
netlogo,25,20260736,71,2
netlogo,25,20260736,72,2
netlogo,25,20260736,73,2
netlogo,25,20260736,74,2
netlogo,25,20260736,75,2
netlogo,25,20260736,76,2
netlogo,25,20260736,77,2
netlogo,25,20260736,78,2
netlogo,25,20260736,79,2
netlogo,25,20260736,80,2
netlogo,25,20260736,81,2
netlogo,25,20260736,82,2
netlogo,25,20260736,83,2
netlogo,25,20260736,84,2
netlogo,25,20260736,85,2
netlogo,25,20260736,86,2
netlogo,25,20260736,87,2
netlogo,25,20260736,88,2
netlogo,25,20260736,89,2
netlogo,25,20260736,90,2
netlogo,25,20260736,91,2
netlogo,25,20260736,92,2
netlogo,25,20260736,93,2
netlogo,25,20260736,94,2
netlogo,25,20260736,95,2
netlogo,25,20260736,96,2
netlogo,25,20260736,97,2
netlogo,25,20260736,98,2
netlogo,25,20260736,99,2
netlogo,25,20260736,100,2
netlogo,25,20260736,101,2
netlogo,25,20260736,102,2
netlogo,25,20260736,103,2
netlogo,25,20260736,104,2
netlogo,25,20260736,105,2
netlogo,25,20260736,106,2
netlogo,25,20260736,107,2
netlogo,25,20260736,108,3
netlogo,25,20260736,109,3
netlogo,25,20260736,110,3
netlogo,25,20260736,111,3
netlogo,25,20260736,112,3
netlogo,25,20260736,113,3
netlogo,25,20260736,114,3
netlogo,25,20260736,115,3
netlogo,25,20260736,116,3
netlogo,25,20260736,117,3
netlogo,25,20260736,118,3
netlogo,25,20260736,119,3
netlogo,25,20260736,120,3
netlogo,25,20260736,121,3
netlogo,25,20260736,122,3
netlogo,25,20260736,123,3
netlogo,25,20260736,124,3
netlogo,25,20260736,125,3
netlogo,25,20260736,126,3
netlogo,25,20260736,127,3
netlogo,25,20260736,128,3
netlogo,25,20260736,129,3
netlogo,25,20260736,130,3
netlogo,25,20260736,131,4
netlogo,25,20260736,132,4
netlogo,25,20260736,133,4
netlogo,25,20260736,134,4
netlogo,25,20260736,135,4
netlogo,25,20260736,136,4
netlogo,25,20260736,137,5
netlogo,25,20260736,138,5
netlogo,25,20260736,139,5
netlogo,26,20260737,1,2
netlogo,26,20260737,2,2
netlogo,26,20260737,3,2
netlogo,26,20260737,4,2
netlogo,26,20260737,5,2
netlogo,26,20260737,6,2
netlogo,26,20260737,7,2
netlogo,26,20260737,8,2
netlogo,26,20260737,9,2
netlogo,26,20260737,10,2
netlogo,26,20260737,11,2
netlogo,26,20260737,12,2
netlogo,26,20260737,13,2
netlogo,26,20260737,14,2
netlogo,26,20260737,15,2
netlogo,26,20260737,16,2
netlogo,26,20260737,17,2
netlogo,26,20260737,18,2
netlogo,26,20260737,19,2
netlogo,26,20260737,20,2
netlogo,26,20260737,21,2
netlogo,26,20260737,22,2
netlogo,26,20260737,23,2
netlogo,26,20260737,24,2
netlogo,26,20260737,25,2
netlogo,26,20260737,26,2
netlogo,26,20260737,27,2
netlogo,26,20260737,28,2
netlogo,26,20260737,29,2
netlogo,26,20260737,30,2
netlogo,26,20260737,31,2
netlogo,26,20260737,32,2
netlogo,26,20260737,33,2
netlogo,26,20260737,34,2
netlogo,26,20260737,35,2
netlogo,26,20260737,36,2
netlogo,26,20260737,37,2
netlogo,26,20260737,38,2
netlogo,26,20260737,39,2
netlogo,26,20260737,40,2
netlogo,26,20260737,41,2
netlogo,26,20260737,42,2
netlogo,26,20260737,43,2
netlogo,26,20260737,44,2
netlogo,26,20260737,45,2
netlogo,26,20260737,46,2
netlogo,26,20260737,47,2
netlogo,26,20260737,48,2
netlogo,26,20260737,49,2
netlogo,26,20260737,50,2
netlogo,26,20260737,51,2
netlogo,26,20260737,52,2
netlogo,26,20260737,53,2
netlogo,26,20260737,54,2
netlogo,26,20260737,55,2
netlogo,26,20260737,56,2
netlogo,26,20260737,57,2
netlogo,26,20260737,58,2
netlogo,26,20260737,59,2
netlogo,26,20260737,60,2
netlogo,26,20260737,61,2
netlogo,26,20260737,62,2
netlogo,26,20260737,63,2
netlogo,26,20260737,64,2
netlogo,26,20260737,65,2
netlogo,26,20260737,66,2
netlogo,26,20260737,67,2
netlogo,26,20260737,68,2
netlogo,26,20260737,69,2
netlogo,26,20260737,70,2
netlogo,26,20260737,71,2
netlogo,26,20260737,72,2
netlogo,26,20260737,73,2
netlogo,26,20260737,74,2
netlogo,26,20260737,75,2
netlogo,26,20260737,76,2
netlogo,26,20260737,77,2
netlogo,26,20260737,78,2
netlogo,26,20260737,79,2
netlogo,26,20260737,80,2
netlogo,26,20260737,81,2
netlogo,26,20260737,82,2
netlogo,26,20260737,83,2
netlogo,26,20260737,84,2
netlogo,26,20260737,85,2
netlogo,26,20260737,86,2
netlogo,26,20260737,87,2
netlogo,26,20260737,88,2
netlogo,26,20260737,89,2
netlogo,26,20260737,90,2
netlogo,26,20260737,91,2
netlogo,26,20260737,92,2
netlogo,26,20260737,93,2
netlogo,26,20260737,94,2
netlogo,26,20260737,95,2
netlogo,26,20260737,96,2
netlogo,26,20260737,97,2
netlogo,26,20260737,98,2
netlogo,26,20260737,99,2
netlogo,26,20260737,100,2
netlogo,26,20260737,101,2
netlogo,26,20260737,102,2
netlogo,26,20260737,103,2
netlogo,26,20260737,104,2
netlogo,26,20260737,105,2
netlogo,26,20260737,106,2
netlogo,26,20260737,107,2
netlogo,26,20260737,108,2
netlogo,26,20260737,109,2
netlogo,26,20260737,110,2
netlogo,26,20260737,111,3
netlogo,26,20260737,112,3
netlogo,26,20260737,113,3
netlogo,26,20260737,114,3
netlogo,26,20260737,115,3
netlogo,26,20260737,116,3
netlogo,26,20260737,117,3
netlogo,26,20260737,118,3
netlogo,26,20260737,119,3
netlogo,27,20260738,1,2
netlogo,27,20260738,2,2
netlogo,27,20260738,3,2
netlogo,27,20260738,4,2
netlogo,27,20260738,5,2
netlogo,27,20260738,6,2
netlogo,27,20260738,7,2
netlogo,27,20260738,8,2
netlogo,27,20260738,9,2
netlogo,27,20260738,10,2
netlogo,27,20260738,11,2
netlogo,27,20260738,12,2
netlogo,27,20260738,13,2
netlogo,27,20260738,14,2
netlogo,27,20260738,15,2
netlogo,27,20260738,16,2
netlogo,27,20260738,17,2
netlogo,27,20260738,18,2
netlogo,27,20260738,19,2
netlogo,27,20260738,20,2
netlogo,27,20260738,21,2
netlogo,27,20260738,22,2
netlogo,27,20260738,23,2
netlogo,27,20260738,24,2
netlogo,27,20260738,25,2
netlogo,27,20260738,26,2
netlogo,27,20260738,27,2
netlogo,27,20260738,28,2
netlogo,27,20260738,29,2
netlogo,27,20260738,30,2
netlogo,27,20260738,31,2
netlogo,27,20260738,32,2
netlogo,27,20260738,33,2
netlogo,27,20260738,34,2
netlogo,27,20260738,35,2
netlogo,27,20260738,36,2
netlogo,27,20260738,37,2
netlogo,27,20260738,38,2
netlogo,27,20260738,39,2
netlogo,27,20260738,40,2
netlogo,27,20260738,41,2
netlogo,27,20260738,42,2
netlogo,27,20260738,43,2
netlogo,27,20260738,44,2
netlogo,27,20260738,45,2
netlogo,27,20260738,46,2
netlogo,27,20260738,47,2
netlogo,27,20260738,48,2
netlogo,27,20260738,49,2
netlogo,27,20260738,50,2
netlogo,27,20260738,51,2
netlogo,27,20260738,52,2
netlogo,27,20260738,53,2
netlogo,27,20260738,54,2
netlogo,27,20260738,55,2
netlogo,27,20260738,56,2
netlogo,27,20260738,57,2
netlogo,27,20260738,58,2
netlogo,27,20260738,59,2
netlogo,27,20260738,60,2
netlogo,27,20260738,61,2
netlogo,27,20260738,62,2
netlogo,27,20260738,63,2
netlogo,27,20260738,64,2
netlogo,27,20260738,65,2
netlogo,27,20260738,66,2
netlogo,27,20260738,67,2
netlogo,27,20260738,68,2
netlogo,27,20260738,69,2
netlogo,27,20260738,70,2
netlogo,27,20260738,71,2
netlogo,27,20260738,72,2
netlogo,27,20260738,73,2
netlogo,27,20260738,74,2
netlogo,27,20260738,75,2
netlogo,27,20260738,76,2
netlogo,27,20260738,77,2
netlogo,27,20260738,78,2
netlogo,27,20260738,79,2
netlogo,27,20260738,80,2
netlogo,27,20260738,81,2
netlogo,27,20260738,82,2
netlogo,27,20260738,83,2
netlogo,27,20260738,84,2
netlogo,27,20260738,85,2
netlogo,27,20260738,86,2
netlogo,27,20260738,87,2
netlogo,27,20260738,88,2
netlogo,27,20260738,89,2
netlogo,27,20260738,90,2
netlogo,27,20260738,91,2
netlogo,27,20260738,92,2
netlogo,27,20260738,93,2
netlogo,27,20260738,94,2
netlogo,27,20260738,95,2
netlogo,27,20260738,96,2
netlogo,27,20260738,97,2
netlogo,27,20260738,98,2
netlogo,27,20260738,99,2
netlogo,27,20260738,100,2
netlogo,27,20260738,101,2
netlogo,27,20260738,102,2
netlogo,27,20260738,103,2
netlogo,27,20260738,104,2
netlogo,27,20260738,105,2
netlogo,27,20260738,106,2
netlogo,27,20260738,107,2
netlogo,27,20260738,108,2
netlogo,27,20260738,109,2
netlogo,27,20260738,110,2
netlogo,27,20260738,111,2
netlogo,27,20260738,112,2
netlogo,27,20260738,113,2
netlogo,27,20260738,114,2
netlogo,27,20260738,115,2
netlogo,27,20260738,116,2
netlogo,27,20260738,117,2
netlogo,27,20260738,118,2
netlogo,27,20260738,119,2
netlogo,27,20260738,120,2
netlogo,27,20260738,121,2
netlogo,27,20260738,122,2
netlogo,27,20260738,123,2
netlogo,27,20260738,124,2
netlogo,27,20260738,125,2
netlogo,27,20260738,126,2
netlogo,27,20260738,127,2
netlogo,27,20260738,128,2
netlogo,27,20260738,129,3
netlogo,27,20260738,130,3
netlogo,27,20260738,131,3
netlogo,27,20260738,132,3
netlogo,27,20260738,133,3
netlogo,27,20260738,134,3
netlogo,27,20260738,135,3
netlogo,27,20260738,136,3
netlogo,27,20260738,137,3
netlogo,27,20260738,138,3
netlogo,27,20260738,139,3
netlogo,27,20260738,140,4
netlogo,27,20260738,141,4
netlogo,27,20260738,142,4
netlogo,27,20260738,143,4
netlogo,27,20260738,144,5
netlogo,28,20260739,1,2
netlogo,28,20260739,2,2
netlogo,28,20260739,3,2
netlogo,28,20260739,4,2
netlogo,28,20260739,5,2
netlogo,28,20260739,6,2
netlogo,28,20260739,7,2
netlogo,28,20260739,8,2
netlogo,28,20260739,9,2
netlogo,28,20260739,10,2
netlogo,28,20260739,11,2
netlogo,28,20260739,12,2
netlogo,28,20260739,13,2
netlogo,28,20260739,14,2
netlogo,28,20260739,15,2
netlogo,28,20260739,16,2
netlogo,28,20260739,17,2
netlogo,28,20260739,18,2
netlogo,28,20260739,19,2
netlogo,28,20260739,20,2
netlogo,28,20260739,21,2
netlogo,28,20260739,22,2
netlogo,28,20260739,23,2
netlogo,28,20260739,24,2
netlogo,28,20260739,25,2
netlogo,28,20260739,26,2
netlogo,28,20260739,27,2
netlogo,28,20260739,28,2
netlogo,28,20260739,29,2
netlogo,28,20260739,30,2
netlogo,28,20260739,31,2
netlogo,28,20260739,32,2
netlogo,28,20260739,33,2
netlogo,28,20260739,34,2
netlogo,28,20260739,35,2
netlogo,28,20260739,36,2
netlogo,28,20260739,37,2
netlogo,28,20260739,38,2
netlogo,28,20260739,39,2
netlogo,28,20260739,40,2
netlogo,28,20260739,41,2
netlogo,28,20260739,42,2
netlogo,28,20260739,43,2
netlogo,28,20260739,44,2
netlogo,28,20260739,45,2
netlogo,28,20260739,46,2
netlogo,28,20260739,47,2
netlogo,28,20260739,48,2
netlogo,28,20260739,49,2
netlogo,28,20260739,50,2
netlogo,28,20260739,51,2
netlogo,28,20260739,52,2
netlogo,28,20260739,53,2
netlogo,28,20260739,54,2
netlogo,28,20260739,55,2
netlogo,28,20260739,56,2
netlogo,28,20260739,57,2
netlogo,28,20260739,58,2
netlogo,28,20260739,59,2
netlogo,28,20260739,60,2
netlogo,28,20260739,61,2
netlogo,28,20260739,62,2
netlogo,28,20260739,63,2
netlogo,28,20260739,64,2
netlogo,28,20260739,65,2
netlogo,28,20260739,66,2
netlogo,28,20260739,67,2
netlogo,28,20260739,68,2
netlogo,28,20260739,69,2
netlogo,28,20260739,70,2
netlogo,28,20260739,71,2
netlogo,28,20260739,72,2
netlogo,28,20260739,73,2
netlogo,28,20260739,74,2
netlogo,28,20260739,75,2
netlogo,28,20260739,76,2
netlogo,28,20260739,77,2
netlogo,28,20260739,78,2
netlogo,28,20260739,79,2
netlogo,28,20260739,80,2
netlogo,28,20260739,81,2
netlogo,28,20260739,82,2
netlogo,28,20260739,83,2
netlogo,28,20260739,84,2
netlogo,28,20260739,85,2
netlogo,28,20260739,86,2
netlogo,28,20260739,87,2
netlogo,28,20260739,88,2
netlogo,28,20260739,89,2
netlogo,28,20260739,90,2
netlogo,28,20260739,91,2
netlogo,28,20260739,92,2
netlogo,28,20260739,93,2
netlogo,28,20260739,94,2
netlogo,28,20260739,95,2
netlogo,28,20260739,96,2
netlogo,28,20260739,97,2
netlogo,28,20260739,98,2
netlogo,28,20260739,99,2
netlogo,28,20260739,100,2
netlogo,28,20260739,101,3
netlogo,28,20260739,102,3
netlogo,28,20260739,103,3
netlogo,28,20260739,104,3
netlogo,28,20260739,105,3
netlogo,28,20260739,106,3
netlogo,28,20260739,107,3
netlogo,28,20260739,108,3
netlogo,28,20260739,109,3
netlogo,28,20260739,110,3
netlogo,28,20260739,111,3
netlogo,28,20260739,112,3
netlogo,28,20260739,113,3
netlogo,28,20260739,114,3
netlogo,28,20260739,115,3
netlogo,28,20260739,116,3
netlogo,28,20260739,117,3
netlogo,28,20260739,118,3
netlogo,28,20260739,119,3
netlogo,28,20260739,120,3
netlogo,28,20260739,121,3
netlogo,28,20260739,122,3
netlogo,28,20260739,123,3
netlogo,28,20260739,124,3
netlogo,28,20260739,125,3
netlogo,28,20260739,126,4
netlogo,28,20260739,127,4
netlogo,28,20260739,128,4
netlogo,28,20260739,129,4
netlogo,28,20260739,130,4
netlogo,28,20260739,131,5
netlogo,28,20260739,132,5
netlogo,28,20260739,133,5
netlogo,28,20260739,134,5
netlogo,28,20260739,135,5
netlogo,28,20260739,136,8
netlogo,29,20260740,1,2
netlogo,29,20260740,2,2
netlogo,29,20260740,3,2
netlogo,29,20260740,4,2
netlogo,29,20260740,5,2
netlogo,29,20260740,6,2
netlogo,29,20260740,7,2
netlogo,29,20260740,8,2
netlogo,29,20260740,9,2
netlogo,29,20260740,10,2
netlogo,29,20260740,11,2
netlogo,29,20260740,12,2
netlogo,29,20260740,13,2
netlogo,29,20260740,14,2
netlogo,29,20260740,15,2
netlogo,29,20260740,16,2
netlogo,29,20260740,17,2
netlogo,29,20260740,18,2
netlogo,29,20260740,19,2
netlogo,29,20260740,20,2
netlogo,29,20260740,21,2
netlogo,29,20260740,22,2
netlogo,29,20260740,23,2
netlogo,29,20260740,24,2
netlogo,29,20260740,25,2
netlogo,29,20260740,26,2
netlogo,29,20260740,27,2
netlogo,29,20260740,28,2
netlogo,29,20260740,29,2
netlogo,29,20260740,30,2
netlogo,29,20260740,31,2
netlogo,29,20260740,32,2
netlogo,29,20260740,33,2
netlogo,29,20260740,34,2
netlogo,29,20260740,35,2
netlogo,29,20260740,36,2
netlogo,29,20260740,37,2
netlogo,29,20260740,38,2
netlogo,29,20260740,39,2
netlogo,29,20260740,40,2
netlogo,29,20260740,41,2
netlogo,29,20260740,42,2
netlogo,29,20260740,43,2
netlogo,29,20260740,44,2
netlogo,29,20260740,45,2
netlogo,29,20260740,46,2
netlogo,29,20260740,47,2
netlogo,29,20260740,48,2
netlogo,29,20260740,49,2
netlogo,29,20260740,50,2
netlogo,29,20260740,51,2
netlogo,29,20260740,52,2
netlogo,29,20260740,53,2
netlogo,29,20260740,54,2
netlogo,29,20260740,55,2
netlogo,29,20260740,56,2
netlogo,29,20260740,57,2
netlogo,29,20260740,58,2
netlogo,29,20260740,59,2
netlogo,29,20260740,60,2
netlogo,29,20260740,61,2
netlogo,29,20260740,62,2
netlogo,29,20260740,63,2
netlogo,29,20260740,64,2
netlogo,29,20260740,65,2
netlogo,29,20260740,66,2
netlogo,29,20260740,67,2
netlogo,29,20260740,68,2
netlogo,29,20260740,69,2
netlogo,29,20260740,70,2
netlogo,29,20260740,71,2
netlogo,29,20260740,72,2
netlogo,29,20260740,73,2
netlogo,29,20260740,74,2
netlogo,29,20260740,75,2
netlogo,29,20260740,76,2
netlogo,29,20260740,77,2
netlogo,29,20260740,78,2
netlogo,29,20260740,79,2
netlogo,29,20260740,80,2
netlogo,29,20260740,81,2
netlogo,29,20260740,82,2
netlogo,29,20260740,83,2
netlogo,29,20260740,84,2
netlogo,29,20260740,85,2
netlogo,29,20260740,86,2
netlogo,29,20260740,87,2
netlogo,29,20260740,88,2
netlogo,29,20260740,89,2
netlogo,29,20260740,90,2
netlogo,29,20260740,91,2
netlogo,29,20260740,92,2
netlogo,29,20260740,93,2
netlogo,29,20260740,94,2
netlogo,29,20260740,95,2
netlogo,29,20260740,96,2
netlogo,29,20260740,97,2
netlogo,29,20260740,98,2
netlogo,29,20260740,99,2
netlogo,29,20260740,100,3
netlogo,29,20260740,101,3
netlogo,29,20260740,102,3
netlogo,29,20260740,103,3
netlogo,29,20260740,104,3
netlogo,29,20260740,105,3
netlogo,29,20260740,106,3
netlogo,29,20260740,107,3
netlogo,29,20260740,108,4
netlogo,30,20260741,1,2
netlogo,30,20260741,2,2
netlogo,30,20260741,3,2
netlogo,30,20260741,4,2
netlogo,30,20260741,5,2
netlogo,30,20260741,6,2
netlogo,30,20260741,7,2
netlogo,30,20260741,8,2
netlogo,30,20260741,9,2
netlogo,30,20260741,10,2
netlogo,30,20260741,11,2
netlogo,30,20260741,12,2
netlogo,30,20260741,13,2
netlogo,30,20260741,14,2
netlogo,30,20260741,15,2
netlogo,30,20260741,16,2
netlogo,30,20260741,17,2
netlogo,30,20260741,18,2
netlogo,30,20260741,19,2
netlogo,30,20260741,20,2
netlogo,30,20260741,21,2
netlogo,30,20260741,22,2
netlogo,30,20260741,23,2
netlogo,30,20260741,24,2
netlogo,30,20260741,25,2
netlogo,30,20260741,26,2
netlogo,30,20260741,27,2
netlogo,30,20260741,28,2
netlogo,30,20260741,29,2
netlogo,30,20260741,30,2
netlogo,30,20260741,31,2
netlogo,30,20260741,32,2
netlogo,30,20260741,33,2
netlogo,30,20260741,34,2
netlogo,30,20260741,35,2
netlogo,30,20260741,36,2
netlogo,30,20260741,37,2
netlogo,30,20260741,38,2
netlogo,30,20260741,39,2
netlogo,30,20260741,40,2
netlogo,30,20260741,41,2
netlogo,30,20260741,42,2
netlogo,30,20260741,43,2
netlogo,30,20260741,44,2
netlogo,30,20260741,45,2
netlogo,30,20260741,46,2
netlogo,30,20260741,47,2
netlogo,30,20260741,48,2
netlogo,30,20260741,49,2
netlogo,30,20260741,50,2
netlogo,30,20260741,51,2
netlogo,30,20260741,52,2
netlogo,30,20260741,53,2
netlogo,30,20260741,54,2
netlogo,30,20260741,55,2
netlogo,30,20260741,56,2
netlogo,30,20260741,57,2
netlogo,30,20260741,58,2
netlogo,30,20260741,59,2
netlogo,30,20260741,60,2
netlogo,30,20260741,61,2
netlogo,30,20260741,62,2
netlogo,30,20260741,63,2
netlogo,30,20260741,64,2
netlogo,30,20260741,65,2
netlogo,30,20260741,66,2
netlogo,30,20260741,67,2
netlogo,30,20260741,68,2
netlogo,30,20260741,69,2
netlogo,30,20260741,70,2
netlogo,30,20260741,71,2
netlogo,30,20260741,72,2
netlogo,30,20260741,73,2
netlogo,30,20260741,74,2
netlogo,30,20260741,75,2
netlogo,30,20260741,76,2
netlogo,30,20260741,77,2
netlogo,30,20260741,78,2
netlogo,30,20260741,79,2
netlogo,30,20260741,80,2
netlogo,30,20260741,81,2
netlogo,30,20260741,82,2
netlogo,30,20260741,83,2
netlogo,30,20260741,84,2
netlogo,30,20260741,85,2
netlogo,30,20260741,86,2
netlogo,30,20260741,87,2
netlogo,30,20260741,88,2
netlogo,30,20260741,89,2
netlogo,30,20260741,90,2
netlogo,30,20260741,91,2
netlogo,30,20260741,92,3
netlogo,30,20260741,93,3
netlogo,30,20260741,94,3
netlogo,30,20260741,95,3
netlogo,30,20260741,96,3
netlogo,30,20260741,97,3
netlogo,30,20260741,98,3
netlogo,30,20260741,99,4
netlogo,30,20260741,100,4
netlogo,30,20260741,101,5
