experiment,parameter_condition,staying-power,percent-inappropriate-land,informalityindex,percent-prime-land,initialcitylimit,popgrowthrate,SimulationRuntime,Politics,Develop,price-sensitivity,diffusion-rate,economicgrowthrate,initialinequality,step,metric,netlogo_n,netlogo_finite_n,netlogo_nonfinite_n,netlogo_mean,netlogo_stdev,netlogo_min,netlogo_q25,netlogo_median,netlogo_q75,netlogo_max,mesa_n,mesa_finite_n,mesa_nonfinite_n,mesa_mean,mesa_stdev,mesa_min,mesa_q25,mesa_median,mesa_q75,mesa_max,mean_difference_mesa_minus_netlogo,absolute_mean_difference,relative_mean_difference
Typical Run,staying-power=0.3;percent-inappropriate-land=10;informalityindex=0.7;percent-prime-land=10;initialcitylimit=9;popgrowthrate=3;SimulationRuntime=50;Politics=True;Develop=True;price-sensitivity=0.1;diffusion-rate=0.03;economicgrowthrate=2;initialinequality=10,0.3,10,0.7,10,9,3,50,True,True,0.1,0.03,2,10,50,central-num-slums,30,30,0,23.866666666666667,5.5506031566217064,15.0,19.0,23.0,27.75,35.0,30,30,0,24.133333333333333,4.918181142162867,14.0,21.0,24.0,28.0,34.0,0.2666666666666657,0.2666666666666657,0.01117318435754186
Typical Run,staying-power=0.3;percent-inappropriate-land=10;informalityindex=0.7;percent-prime-land=10;initialcitylimit=9;popgrowthrate=3;SimulationRuntime=50;Politics=True;Develop=True;price-sensitivity=0.1;diffusion-rate=0.03;economicgrowthrate=2;initialinequality=10,0.3,10,0.7,10,9,3,50,True,True,0.1,0.03,2,10,50,central-slum-density,30,30,0,2.6674762888823103,0.37498815229036825,2.0,2.3104395604395602,2.7434210526315788,2.934873949579832,3.391304347826087,30,30,0,2.708243761085274,0.35033575594937205,2.05,2.46875,2.745967741935484,2.9367167919799497,3.4782608695652173,0.04076747220296362,0.04076747220296362,0.015283161980812003
Typical Run,staying-power=0.3;percent-inappropriate-land=10;informalityindex=0.7;percent-prime-land=10;initialcitylimit=9;popgrowthrate=3;SimulationRuntime=50;Politics=True;Develop=True;price-sensitivity=0.1;diffusion-rate=0.03;economicgrowthrate=2;initialinequality=10,0.3,10,0.7,10,9,3,50,True,True,0.1,0.03,2,10,50,centralslumareapercent,30,30,0,8.278497358667627,1.9223359818981547,5.244755244755245,6.58010140330642,7.972294309880815,9.61018598615917,12.152777777777777,30,30,0,8.37710386148018,1.709808642612269,4.878048780487805,7.279095282302304,8.318915801614763,9.747628726287264,11.846689895470384,0.09860650281255268,0.09860650281255268,0.011911159542656759
Typical Run,staying-power=0.3;percent-inappropriate-land=10;informalityindex=0.7;percent-prime-land=10;initialcitylimit=9;popgrowthrate=3;SimulationRuntime=50;Politics=True;Develop=True;price-sensitivity=0.1;diffusion-rate=0.03;economicgrowthrate=2;initialinequality=10,0.3,10,0.7,10,9,3,50,True,True,0.1,0.03,2,10,50,centralslumpoppercent,30,30,0,16.3776570495872,4.123460071308511,8.086253369272237,13.740758300351803,15.889164598842019,19.52618615504278,26.172839506172842,30,30,0,16.689424992352485,3.883540604719028,9.382716049382717,14.25989847715736,16.272003858210756,19.73549971660684,25.874125874125873,0.31176794276528597,0.31176794276528597,0.019036174821669263
Typical Run,staying-power=0.3;percent-inappropriate-land=10;informalityindex=0.7;percent-prime-land=10;initialcitylimit=9;popgrowthrate=3;SimulationRuntime=50;Politics=True;Develop=True;price-sensitivity=0.1;diffusion-rate=0.03;economicgrowthrate=2;initialinequality=10,0.3,10,0.7,10,9,3,50,True,True,0.1,0.03,2,10,50,num-slums,30,30,0,130.5,15.346009253222807,87.0,125.0,134.0,139.0,153.0,30,30,0,125.66666666666667,19.286109586656032,61.0,122.0,130.5,136.75,149.0,-4.833333333333329,4.833333333333329,-0.037037037037037
Typical Run,staying-power=0.3;percent-inappropriate-land=10;informalityindex=0.7;percent-prime-land=10;initialcitylimit=9;popgrowthrate=3;SimulationRuntime=50;Politics=True;Develop=True;price-sensitivity=0.1;diffusion-rate=0.03;economicgrowthrate=2;initialinequality=10,0.3,10,0.7,10,9,3,50,True,True,0.1,0.03,2,10,50,peripheral-num-slums,30,30,0,106.63333333333334,13.689873764142638,65.0,100.0,109.0,116.0,125.0,30,30,0,101.53333333333333,19.732230475550146,34.0,98.0,106.5,112.75,128.0,-5.1000000000000085,5.1000000000000085,-0.04782744607689911
Typical Run,staying-power=0.3;percent-inappropriate-land=10;informalityindex=0.7;percent-prime-land=10;initialcitylimit=9;popgrowthrate=3;SimulationRuntime=50;Politics=True;Develop=True;price-sensitivity=0.1;diffusion-rate=0.03;economicgrowthrate=2;initialinequality=10,0.3,10,0.7,10,9,3,50,True,True,0.1,0.03,2,10,50,periphery-slum-density,30,30,0,2.2425260142807266,0.07772566831329233,2.0615384615384613,2.1879222972972974,2.246812979863827,2.293428571428571,2.398230088495575,30,30,0,2.204602352466628,0.08249868702907039,2.0,2.148427260812582,2.212406015037594,2.267842955508475,2.3486238532110093,-0.037923661814098786,0.037923661814098786,-0.016911135733808876
Typical Run,staying-power=0.3;percent-inappropriate-land=10;informalityindex=0.7;percent-prime-land=10;initialcitylimit=9;popgrowthrate=3;SimulationRuntime=50;Politics=True;Develop=True;price-sensitivity=0.1;diffusion-rate=0.03;economicgrowthrate=2;initialinequality=10,0.3,10,0.7,10,9,3,50,True,True,0.1,0.03,2,10,50,peripheryslumareapercent,30,30,0,11.252641159966107,1.6393069037695431,6.422924901185771,10.652653083167571,11.48323059737605,12.19516300615397,13.812154696132598,30,30,0,10.653578073595583,2.2223940928419736,3.2196969696969697,10.46637710077895,11.271040840206627,11.925997149562924,13.51636747624076,-0.5990630863705242,0.5990630863705242,-0.05323755355336761
Typical Run,staying-power=0.3;percent-inappropriate-land=10;informalityindex=0.7;percent-prime-land=10;initialcitylimit=9;popgrowthrate=3;SimulationRuntime=50;Politics=True;Develop=True;price-sensitivity=0.1;diffusion-rate=0.03;economicgrowthrate=2;initialinequality=10,0.3,10,0.7,10,9,3,50,True,True,0.1,0.03,2,10,50,peripheryslumpoppercent,30,30,0,21.00369576523883,3.059675906660833,11.703056768558952,19.812876236708647,21.810201486697967,22.844636028923873,24.956521739130437,30,30,0,19.755497889112874,4.10583494555834,5.94925634295713,19.557260786281127,20.726551226551226,21.96991335251549,25.086805555555557,-1.248197876125957,1.248197876125957,-0.0594275355193312
Typical Run,staying-power=0.3;percent-inappropriate-land=10;informalityindex=0.7;percent-prime-land=10;initialcitylimit=9;popgrowthrate=3;SimulationRuntime=50;Politics=True;Develop=True;price-sensitivity=0.1;diffusion-rate=0.03;economicgrowthrate=2;initialinequality=10,0.3,10,0.7,10,9,3,50,True,True,0.1,0.03,2,10,50,slum-density,30,30,0,2.320281176356381,0.10122790195160081,2.1415929203539825,2.278367783321454,2.3064387917329094,2.384162104622871,2.5661764705882355,30,30,0,2.3070090769555054,0.1023273754795371,2.11,2.242250361048071,2.30370516357903,2.3609709498848774,2.5757575757575757,-0.013272099400875703,0.013272099400875703,-0.0057200392504659055
Typical Run,staying-power=0.3;percent-inappropriate-land=10;informalityindex=0.7;percent-prime-land=10;initialcitylimit=9;popgrowthrate=3;SimulationRuntime=50;Politics=True;Develop=True;price-sensitivity=0.1;diffusion-rate=0.03;economicgrowthrate=2;initialinequality=10,0.3,10,0.7,10,9,3,50,True,True,0.1,0.03,2,10,50,slumareapercent,30,30,0,10.557072936783808,1.394334900285663,6.692307692307692,9.930613149988849,10.832381357804493,11.306012583964971,12.814070351758794,30,30,0,10.116223552384254,1.6894809176600318,4.538690476190476,9.736138218770002,10.445957551220708,11.156423744049006,12.074554294975687,-0.440849384399554,0.440849384399554,-0.041758675632855666
Typical Run,staying-power=0.3;percent-inappropriate-land=10;informalityindex=0.7;percent-prime-land=10;initialcitylimit=9;popgrowthrate=3;SimulationRuntime=50;Politics=True;Develop=True;price-sensitivity=0.1;diffusion-rate=0.03;economicgrowthrate=2;initialinequality=10,0.3,10,0.7,10,9,3,50,True,True,0.1,0.03,2,10,50,slumpoppercent,30,30,0,0.19851754959668627,0.027758832493741854,0.1223021582733813,0.18770438194898625,0.2040549378678875,0.21697187704381948,0.24133420536298233,30,30,0,0.18986265533028124,0.03159732513574999,0.09156311314584696,0.17920209287115763,0.19816873773708304,0.21157619359058208,0.2289077828646174,-0.008654894266405033,0.008654894266405033,-0.04359762793762342
Population Growth Rate,staying-power=0.3;percent-inappropriate-land=10;informalityindex=0.7;percent-prime-land=10;initialcitylimit=9;popgrowthrate=2;SimulationRuntime=50;Politics=True;Develop=True;price-sensitivity=0.1;diffusion-rate=0.03;economicgrowthrate=2;initialinequality=10,0.3,10,0.7,10,9,2,50,True,True,0.1,0.03,2,10,50,central-num-slums,30,30,0,24.066666666666666,5.457884731938412,15.0,21.0,23.0,27.0,40.0,30,30,0,22.9,4.253598881920563,16.0,19.25,23.0,26.75,31.0,-1.1666666666666679,1.1666666666666679,-0.04847645429362886
Population Growth Rate,staying-power=0.3;percent-inappropriate-land=10;informalityindex=0.7;percent-prime-land=10;initialcitylimit=9;popgrowthrate=2;SimulationRuntime=50;Politics=True;Develop=True;price-sensitivity=0.1;diffusion-rate=0.03;economicgrowthrate=2;initialinequality=10,0.3,10,0.7,10,9,2,50,True,True,0.1,0.03,2,10,50,central-slum-density,30,30,0,2.389504624696332,0.3045999530791916,2.0,2.1666666666666665,2.3333333333333335,2.5598214285714285,3.4615384615384617,30,30,0,2.4493322991799777,0.43581682547531536,2.0,2.1668478260869564,2.372685185185185,2.5822368421052633,4.2105263157894735,0.059827674483645676,0.059827674483645676,0.025037689345861307
Population Growth Rate,staying-power=0.3;percent-inappropriate-land=10;informalityindex=0.7;percent-prime-land=10;initialcitylimit=9;popgrowthrate=2;SimulationRuntime=50;Politics=True;Develop=True;price-sensitivity=0.1;diffusion-rate=0.03;economicgrowthrate=2;initialinequality=10,0.3,10,0.7,10,9,2,50,True,True,0.1,0.03,2,10,50,centralslumareapercent,30,30,0,8.346382929865714,1.901712810439037,5.190311418685121,7.26643598615917,7.986207395440242,9.342560553633218,13.937282229965156,30,30,0,7.937584646484131,1.4741605764474515,5.536332179930796,6.6952606006534605,7.972294309880815,9.271728777594252,10.76388888888889,-0.4087982833815822,0.4087982833815822,-0.04897909511421847
Population Growth Rate,staying-power=0.3;percent-inappropriate-land=10;informalityindex=0.7;percent-prime-land=10;initialcitylimit=9;popgrowthrate=2;SimulationRuntime=50;Politics=True;Develop=True;price-sensitivity=0.1;diffusion-rate=0.03;economicgrowthrate=2;initialinequality=10,0.3,10,0.7,10,9,2,50,True,True,0.1,0.03,2,10,50,centralslumpoppercent,30,30,0,14.425729931779854,3.736919356968753,7.853403141361256,11.72630746062942,13.614462512871325,16.761250387562562,24.22062350119904,30,30,0,14.068894897357719,3.2893439660789685,8.24742268041237,11.609305877396249,14.267426094956782,16.201082230167167,20.437956204379564,-0.3568350344221347,0.3568350344221347,-0.024736012396573977
Population Growth Rate,staying-power=0.3;percent-inappropriate-land=10;informalityindex=0.7;percent-prime-land=10;initialcitylimit=9;popgrowthrate=2;SimulationRuntime=50;Politics=True;Develop=True;price-sensitivity=0.1;diffusion-rate=0.03;economicgrowthrate=2;initialinequality=10,0.3,10,0.7,10,9,2,50,True,True,0.1,0.03,2,10,50,num-slums,30,30,0,52.9,6.4184539979762985,42.0,47.25,53.0,57.0,64.0,30,30,0,51.666666666666664,6.994250512376938,36.0,47.0,52.0,56.0,67.0,-1.2333333333333343,1.2333333333333343,-0.023314429741650933
Population Growth Rate,staying-power=0.3;percent-inappropriate-land=10;informalityindex=0.7;percent-prime-land=10;initialcitylimit=9;popgrowthrate=2;SimulationRuntime=50;Politics=True;Develop=True;price-sensitivity=0.1;diffusion-rate=0.03;economicgrowthrate=2;initialinequality=10,0.3,10,0.7,10,9,2,50,True,True,0.1,0.03,2,10,50,peripheral-num-slums,30,30,0,28.833333333333332,5.4714515084386335,13.0,27.0,29.0,31.75,38.0,30,30,0,28.766666666666666,5.263297336325843,20.0,23.25,28.0,32.75,37.0,-0.06666666666666643,0.06666666666666643,-0.0023121387283236913
Population Growth Rate,staying-power=0.3;percent-inappropriate-land=10;informalityindex=0.7;percent-prime-land=10;initialcitylimit=9;popgrowthrate=2;SimulationRuntime=50;Politics=True;Develop=True;price-sensitivity=0.1;diffusion-rate=0.03;economicgrowthrate=2;initialinequality=10,0.3,10,0.7,10,9,2,50,True,True,0.1,0.03,2,10,50,periphery-slum-density,30,30,0,2.0688307694424,0.06120200937348261,2.0,2.0274131274131273,2.0458333333333334,2.117081447963801,2.206896551724138,30,30,0,2.077849343278181,0.06201365192603015,2.0,2.037202380952381,2.0669642857142856,2.1053571428571427,2.2903225806451615,0.009018573835780863,0.009018573835780863,0.0043592612643766826
Population Growth Rate,staying-power=0.3;percent-inappropriate-land=10;informalityindex=0.7;percent-prime-land=10;initialcitylimit=9;popgrowthrate=2;SimulationRuntime=50;Politics=True;Develop=True;price-sensitivity=0.1;diffusion-rate=0.03;economicgrowthrate=2;initialinequality=10,0.3,10,0.7,10,9,2,50,True,True,0.1,0.03,2,10,50,peripheryslumareapercent,30,30,0,6.525185195087705,1.276785362064119,2.89532293986637,5.850508187464709,6.571669519061437,7.126538362618541,8.941176470588236,30,30,0,6.485896811392515,1.2661517249441356,4.356846473029045,5.399150707835744,6.467064590634385,7.465417362442535,8.624708624708624,-0.03928838369518939,0.03928838369518939,-0.006021037337724376
Population Growth Rate,staying-power=0.3;percent-inappropriate-land=10;informalityindex=0.7;percent-prime-land=10;initialcitylimit=9;popgrowthrate=2;SimulationRuntime=50;Politics=True;Develop=True;price-sensitivity=0.1;diffusion-rate=0.03;economicgrowthrate=2;initialinequality=10,0.3,10,0.7,10,9,2,50,True,True,0.1,0.03,2,10,50,peripheryslumpoppercent,30,30,0,11.2661851745631,2.20886529628905,5.078125,10.14760147601476,11.115111151111511,12.760049820333757,16.173570019723865,30,30,0,11.282684657718216,2.1743736435538135,7.561436672967864,9.623677323927637,11.2460729672554,13.310101869423903,14.772727272727273,0.016499483155115513,0.016499483155115513,0.001464513755052438
Population Growth Rate,staying-power=0.3;percent-inappropriate-land=10;informalityindex=0.7;percent-prime-land=10;initialcitylimit=9;popgrowthrate=2;SimulationRuntime=50;Politics=True;Develop=True;price-sensitivity=0.1;diffusion-rate=0.03;economicgrowthrate=2;initialinequality=10,0.3,10,0.7,10,9,2,50,True,True,0.1,0.03,2,10,50,slum-density,30,30,0,2.21903965326653,0.15704484838085842,2.022727272727273,2.090217391304348,2.205769230769231,2.3236799568965516,2.7169811320754715,30,30,0,2.2427527301764325,0.1899873526601948,2.021276595744681,2.1232967763376536,2.204209065679926,2.296590532936114,2.9148936170212765,0.02371307690990232,0.02371307690990232,0.01068618889932659
Population Growth Rate,staying-power=0.3;percent-inappropriate-land=10;informalityindex=0.7;percent-prime-land=10;initialcitylimit=9;popgrowthrate=2;SimulationRuntime=50;Politics=True;Develop=True;price-sensitivity=0.1;diffusion-rate=0.03;economicgrowthrate=2;initialinequality=10,0.3,10,0.7,10,9,2,50,True,True,0.1,0.03,2,10,50,slumareapercent,30,30,0,7.24806038057908,0.9714265259059426,5.89041095890411,6.3553595916847545,7.123578708613173,7.868824472363845,9.051724137931034,30,30,0,7.0550742168871095,1.0156310852747834,4.81283422459893,6.4076435729068955,7.186652145668539,7.70057955887604,9.241379310344827,-0.19298616369197052,0.19298616369197052,-0.02662590452599844
Population Growth Rate,staying-power=0.3;percent-inappropriate-land=10;informalityindex=0.7;percent-prime-land=10;initialcitylimit=9;popgrowthrate=2;SimulationRuntime=50;Politics=True;Develop=True;price-sensitivity=0.1;diffusion-rate=0.03;economicgrowthrate=2;initialinequality=10,0.3,10,0.7,10,9,2,50,True,True,0.1,0.03,2,10,50,slumpoppercent,30,30,0,0.126659490491568,0.01973391911716766,0.09364908503767493,0.10952637244348762,0.12540365984930033,0.1428955866523143,0.1603875134553283,30,30,0,0.12493720846788661,0.02068796944886171,0.08288482238966631,0.11114101184068892,0.12809472551130247,0.13751345532831,0.16361679224973089,-0.0017222820236813818,0.0017222820236813818,-0.01359773371104819
Population Growth Rate,staying-power=0.3;percent-inappropriate-land=10;informalityindex=0.7;percent-prime-land=10;initialcitylimit=9;popgrowthrate=3;SimulationRuntime=50;Politics=True;Develop=True;price-sensitivity=0.1;diffusion-rate=0.03;economicgrowthrate=2;initialinequality=10,0.3,10,0.7,10,9,3,50,True,True,0.1,0.03,2,10,50,central-num-slums,30,30,0,24.833333333333332,4.878406561031239,16.0,21.25,25.0,27.75,39.0,30,30,0,25.3,4.276237469616453,17.0,23.0,25.5,28.0,33.0,0.46666666666666856,0.46666666666666856,0.01879194630872491
Population Growth Rate,staying-power=0.3;percent-inappropriate-land=10;informalityindex=0.7;percent-prime-land=10;initialcitylimit=9;popgrowthrate=3;SimulationRuntime=50;Politics=True;Develop=True;price-sensitivity=0.1;diffusion-rate=0.03;economicgrowthrate=2;initialinequality=10,0.3,10,0.7,10,9,3,50,True,True,0.1,0.03,2,10,50,central-slum-density,30,30,0,2.5449088661170056,0.4406033391163481,2.0,2.163103448275862,2.562051282051282,2.892857142857143,3.85,30,30,0,2.547868494423019,0.33291754679292423,2.0606060606060606,2.3219696969696972,2.532563025210084,2.790178571428571,3.3333333333333335,0.0029596283060135953,0.0029596283060135953,0.0011629604287281862
Population Growth Rate,staying-power=0.3;percent-inappropriate-land=10;informalityindex=0.7;percent-prime-land=10;initialcitylimit=9;popgrowthrate=3;SimulationRuntime=50;Politics=True;Develop=True;price-sensitivity=0.1;diffusion-rate=0.03;economicgrowthrate=2;initialinequality=10,0.3,10,0.7,10,9,3,50,True,True,0.1,0.03,2,10,50,centralslumareapercent,30,30,0,8.61804523785354,1.689491972592677,5.536332179930796,7.352941176470589,8.680555555555555,9.602076124567473,13.541666666666666,30,30,0,8.78475142386182,1.485639978327511,5.902777777777778,7.958477508650519,8.868899266823142,9.71381199538639,11.458333333333332,0.16670618600828035,0.16670618600828035,0.019343851349961253
Population Growth Rate,staying-power=0.3;percent-inappropriate-land=10;informalityindex=0.7;percent-prime-land=10;initialcitylimit=9;popgrowthrate=3;SimulationRuntime=50;Politics=True;Develop=True;price-sensitivity=0.1;diffusion-rate=0.03;economicgrowthrate=2;initialinequality=10,0.3,10,0.7,10,9,3,50,True,True,0.1,0.03,2,10,50,centralslumpoppercent,30,30,0,16.054094727407513,3.094469377913636,10.4,14.295278365045807,16.321353065539114,17.416301315265045,24.691358024691358,30,30,0,16.603304538989313,3.415134982223097,10.187667560321715,14.226810515873016,17.375465719096802,18.32759115704852,23.501199040767386,0.5492098115818003,0.5492098115818003,0.0342099520967813
Population Growth Rate,staying-power=0.3;percent-inappropriate-land=10;informalityindex=0.7;percent-prime-land=10;initialcitylimit=9;popgrowthrate=3;SimulationRuntime=50;Politics=True;Develop=True;price-sensitivity=0.1;diffusion-rate=0.03;economicgrowthrate=2;initialinequality=10,0.3,10,0.7,10,9,3,50,True,True,0.1,0.03,2,10,50,num-slums,30,30,0,122.83333333333333,20.17523803787845,69.0,115.75,124.0,135.75,158.0,30,30,0,127.1,15.592549060589693,90.0,119.0,129.0,137.75,146.0,4.266666666666666,4.266666666666666,0.03473541383989145
Population Growth Rate,staying-power=0.3;percent-inappropriate-land=10;informalityindex=0.7;percent-prime-land=10;initialcitylimit=9;popgrowthrate=3;SimulationRuntime=50;Politics=True;Develop=True;price-sensitivity=0.1;diffusion-rate=0.03;economicgrowthrate=2;initialinequality=10,0.3,10,0.7,10,9,3,50,True,True,0.1,0.03,2,10,50,peripheral-num-slums,30,30,0,98.0,19.58887791403669,46.0,93.0,103.5,108.75,132.0,30,30,0,101.8,14.096710303447054,68.0,93.25,104.5,113.75,121.0,3.799999999999997,3.799999999999997,0.038775510204081605
Population Growth Rate,staying-power=0.3;percent-inappropriate-land=10;informalityindex=0.7;percent-prime-land=10;initialcitylimit=9;popgrowthrate=3;SimulationRuntime=50;Politics=True;Develop=True;price-sensitivity=0.1;diffusion-rate=0.03;economicgrowthrate=2;initialinequality=10,0.3,10,0.7,10,9,3,50,True,True,0.1,0.03,2,10,50,periphery-slum-density,30,30,0,2.2033684451822513,0.09082248158516698,2.0357142857142856,2.1610346889952154,2.195179958775963,2.2441474493361286,2.4224137931034484,30,30,0,2.2176638396178134,0.08115370835260681,2.0441176470588234,2.167305789213261,2.219172932330827,2.2680072028811527,2.3608247422680413,0.014295394435562159,0.014295394435562159,0.006487972752273721
Population Growth Rate,staying-power=0.3;percent-inappropriate-land=10;informalityindex=0.7;percent-prime-land=10;initialcitylimit=9;popgrowthrate=3;SimulationRuntime=50;Politics=True;Develop=True;price-sensitivity=0.1;diffusion-rate=0.03;economicgrowthrate=2;initialinequality=10,0.3,10,0.7,10,9,3,50,True,True,0.1,0.03,2,10,50,peripheryslumareapercent,30,30,0,10.242659641601357,2.302368964713475,4.303086997193639,9.536167512690355,10.74766355140187,11.817685589519652,13.865546218487395,30,30,0,10.640533106369126,1.7091799341275127,6.660137120470128,9.715206013923767,10.921451691005938,12.073137173308993,13.195201744820064,0.39787346476776975,0.39787346476776975,0.038844741374767136
Population Growth Rate,staying-power=0.3;percent-inappropriate-land=10;informalityindex=0.7;percent-prime-land=10;initialcitylimit=9;popgrowthrate=3;SimulationRuntime=50;Politics=True;Develop=True;price-sensitivity=0.1;diffusion-rate=0.03;economicgrowthrate=2;initialinequality=10,0.3,10,0.7,10,9,3,50,True,True,0.1,0.03,2,10,50,peripheryslumpoppercent,30,30,0,19.050296986574473,4.291703600036794,8.182601205857019,17.779695194680965,19.938752649472523,22.261455649613545,25.413402959094867,30,30,0,19.860466243733768,3.210807247163077,11.982758620689655,17.963213403904284,20.16314148881537,22.40130819545979,23.80106571936057,0.8101692571592949,0.8101692571592949,0.04252790692608385
Population Growth Rate,staying-power=0.3;percent-inappropriate-land=10;informalityindex=0.7;percent-prime-land=10;initialcitylimit=9;popgrowthrate=3;SimulationRuntime=50;Politics=True;Develop=True;price-sensitivity=0.1;diffusion-rate=0.03;economicgrowthrate=2;initialinequality=10,0.3,10,0.7,10,9,3,50,True,True,0.1,0.03,2,10,50,slum-density,30,30,0,2.2652854627925354,0.13215506230448026,2.080808080808081,2.155241935483871,2.2744987025241805,2.357236842105263,2.565891472868217,30,30,0,2.2837687729915483,0.10750551541880816,2.117021276595745,2.1986607142857144,2.2968891402714933,2.3388888888888886,2.515625,0.018483310199012948,0.018483310199012948,0.008159373510580697
Population Growth Rate,staying-power=0.3;percent-inappropriate-land=10;informalityindex=0.7;percent-prime-land=10;initialcitylimit=9;popgrowthrate=3;SimulationRuntime=50;Politics=True;Develop=True;price-sensitivity=0.1;diffusion-rate=0.03;economicgrowthrate=2;initialinequality=10,0.3,10,0.7,10,9,3,50,True,True,0.1,0.03,2,10,50,slumareapercent,30,30,0,9.854854319341463,1.8176546294108797,5.084745762711865,9.186652269455179,10.054283163805266,10.986619648329336,13.13383208645054,30,30,0,10.207422680505706,1.4353788888476802,6.885998469778118,9.333002434107001,10.566792876032766,11.312596358711364,12.238055322715843,0.35256836116424317,0.35256836116424317,0.035776110913408515
Population Growth Rate,staying-power=0.3;percent-inappropriate-land=10;informalityindex=0.7;percent-prime-land=10;initialcitylimit=9;popgrowthrate=3;SimulationRuntime=50;Politics=True;Develop=True;price-sensitivity=0.1;diffusion-rate=0.03;economicgrowthrate=2;initialinequality=10,0.3,10,0.7,10,9,3,50,True,True,0.1,0.03,2,10,50,slumpoppercent,30,30,0,0.1828864181382167,0.03567641569228743,0.09483322432962721,0.16824722040549378,0.18803139306736427,0.20716154349247876,0.23675604970569,30,30,0,0.19045127534336168,0.028795117204680455,0.1249182472204055,0.17364290385873118,0.1945716154349248,0.21157619359058208,0.2302158273381295,0.007564857205144965,0.007564857205144965,0.04136369054714501
Population Growth Rate,staying-power=0.3;percent-inappropriate-land=10;informalityindex=0.7;percent-prime-land=10;initialcitylimit=9;popgrowthrate=4;SimulationRuntime=50;Politics=True;Develop=True;price-sensitivity=0.1;diffusion-rate=0.03;economicgrowthrate=2;initialinequality=10,0.3,10,0.7,10,9,4,50,True,True,0.1,0.03,2,10,50,central-num-slums,30,30,0,15.6,4.476759912073109,8.0,12.0,16.0,18.75,26.0,30,30,0,13.966666666666667,4.205770529537535,5.0,11.0,13.0,17.0,22.0,-1.6333333333333329,1.6333333333333329,-0.10470085470085468
Population Growth Rate,staying-power=0.3;percent-inappropriate-land=10;informalityindex=0.7;percent-prime-land=10;initialcitylimit=9;popgrowthrate=4;SimulationRuntime=50;Politics=True;Develop=True;price-sensitivity=0.1;diffusion-rate=0.03;economicgrowthrate=2;initialinequality=10,0.3,10,0.7,10,9,4,50,True,True,0.1,0.03,2,10,50,central-slum-density,30,30,0,3.0040936039078456,0.7427275174619277,2.0,2.6,2.837301587301587,3.3213235294117647,5.052631578947368,30,30,0,2.9703633793107476,0.8048831434122901,2.0,2.322192513368984,2.9023809523809523,3.3333333333333335,5.714285714285714,-0.03373022459709807,0.03373022459709807,-0.011228087085309339
Population Growth Rate,staying-power=0.3;percent-inappropriate-land=10;informalityindex=0.7;percent-prime-land=10;initialcitylimit=9;popgrowthrate=4;SimulationRuntime=50;Politics=True;Develop=True;price-sensitivity=0.1;diffusion-rate=0.03;economicgrowthrate=2;initialinequality=10,0.3,10,0.7,10,9,4,50,True,True,0.1,0.03,2,10,50,centralslumareapercent,30,30,0,5.424175029762443,1.5506906131074822,2.768166089965398,4.181184668989547,5.574980574980575,6.493295847750865,8.996539792387544,30,30,0,4.85829558065223,1.4657932906048226,1.7543859649122806,3.836102921468775,4.537535635096611,5.897671568627451,7.719298245614035,-0.5658794491102128,0.5658794491102128,-0.10432544045965199
Population Growth Rate,staying-power=0.3;percent-inappropriate-land=10;informalityindex=0.7;percent-prime-land=10;initialcitylimit=9;popgrowthrate=4;SimulationRuntime=50;Politics=True;Develop=True;price-sensitivity=0.1;diffusion-rate=0.03;economicgrowthrate=2;initialinequality=10,0.3,10,0.7,10,9,4,50,True,True,0.1,0.03,2,10,50,centralslumpoppercent,30,30,0,12.918394894584743,4.492443317889341,4.610951008645533,9.608313182689903,13.18539209600662,15.197945521698985,23.414634146341466,30,30,0,11.488258358404838,4.059352337983511,2.9850746268656714,8.077012863651731,11.38704036527906,13.53338814287019,18.256130790190735,-1.430136536179905,1.430136536179905,-0.11070543576426846
Population Growth Rate,staying-power=0.3;percent-inappropriate-land=10;informalityindex=0.7;percent-prime-land=10;initialcitylimit=9;popgrowthrate=4;SimulationRuntime=50;Politics=True;Develop=True;price-sensitivity=0.1;diffusion-rate=0.03;economicgrowthrate=2;initialinequality=10,0.3,10,0.7,10,9,4,50,True,True,0.1,0.03,2,10,50,num-slums,30,30,0,279.8666666666667,31.924191814179192,163.0,270.25,287.5,299.5,317.0,30,30,0,278.8666666666667,22.42186945562429,201.0,269.0,284.5,294.0,307.0,-1.0,1.0,-0.0035731300619342545
Population Growth Rate,staying-power=0.3;percent-inappropriate-land=10;informalityindex=0.7;percent-prime-land=10;initialcitylimit=9;popgrowthrate=4;SimulationRuntime=50;Politics=True;Develop=True;price-sensitivity=0.1;diffusion-rate=0.03;economicgrowthrate=2;initialinequality=10,0.3,10,0.7,10,9,4,50,True,True,0.1,0.03,2,10,50,peripheral-num-slums,30,30,0,264.26666666666665,30.761522465050653,152.0,256.75,269.0,282.75,303.0,30,30,0,264.9,21.84167165511045,188.0,261.0,270.0,279.5,294.0,0.6333333333333258,0.6333333333333258,0.0023965691220988613
Population Growth Rate,staying-power=0.3;percent-inappropriate-land=10;informalityindex=0.7;percent-prime-land=10;initialcitylimit=9;popgrowthrate=4;SimulationRuntime=50;Politics=True;Develop=True;price-sensitivity=0.1;diffusion-rate=0.03;economicgrowthrate=2;initialinequality=10,0.3,10,0.7,10,9,4,50,True,True,0.1,0.03,2,10,50,periphery-slum-density,30,30,0,2.3890131591083064,0.09557207717314495,2.199004975124378,2.3393387993862675,2.3933566433566433,2.4398802211302213,2.5842696629213484,30,30,0,2.4135011776635467,0.0849880412608829,2.228723404255319,2.3582375478927204,2.4205894977822293,2.469465826144658,2.5650557620817844,0.0244880185552403,0.0244880185552403,0.010250265245244776
Population Growth Rate,staying-power=0.3;percent-inappropriate-land=10;informalityindex=0.7;percent-prime-land=10;initialcitylimit=9;popgrowthrate=4;SimulationRuntime=50;Politics=True;Develop=True;price-sensitivity=0.1;diffusion-rate=0.03;economicgrowthrate=2;initialinequality=10,0.3,10,0.7,10,9,4,50,True,True,0.1,0.03,2,10,50,peripheryslumareapercent,30,30,0,15.487403564495148,2.194142702924928,7.892004153686397,14.743573646166919,16.09027446030246,16.701536306736116,17.885196374622357,30,30,0,15.512890462596442,1.6576059871714879,9.931325937665083,15.020322582535766,16.09049871441641,16.6739527761312,17.406749555950267,0.025486898101293676,0.025486898101293676,0.0016456533850336512
Population Growth Rate,staying-power=0.3;percent-inappropriate-land=10;informalityindex=0.7;percent-prime-land=10;initialcitylimit=9;popgrowthrate=4;SimulationRuntime=50;Politics=True;Develop=True;price-sensitivity=0.1;diffusion-rate=0.03;economicgrowthrate=2;initialinequality=10,0.3,10,0.7,10,9,4,50,True,True,0.1,0.03,2,10,50,peripheryslumpoppercent,30,30,0,29.74107787179492,4.053919042684918,15.609078276980085,29.023175456858663,30.972777797444156,32.38800925958952,34.497404436054744,30,30,0,30.048090792255852,3.235666881284462,19.42512749188688,28.866810231882788,31.320381132822142,32.34979219014207,34.00657585720996,0.30701292046093087,0.30701292046093087,0.010322857893193168
Population Growth Rate,staying-power=0.3;percent-inappropriate-land=10;informalityindex=0.7;percent-prime-land=10;initialcitylimit=9;popgrowthrate=4;SimulationRuntime=50;Politics=True;Develop=True;price-sensitivity=0.1;diffusion-rate=0.03;economicgrowthrate=2;initialinequality=10,0.3,10,0.7,10,9,4,50,True,True,0.1,0.03,2,10,50,slum-density,30,30,0,2.4236902028679848,0.11006566941810789,2.1926605504587156,2.3366313910493433,2.436970374889838,2.503129932558473,2.640845070422535,30,30,0,2.4400613732515692,0.10474294111947575,2.218905472636816,2.358446591036729,2.473969134313962,2.5069116180869155,2.6215277777777777,0.016371170383584488,0.016371170383584488,0.006754646433035157
Population Growth Rate,staying-power=0.3;percent-inappropriate-land=10;informalityindex=0.7;percent-prime-land=10;initialcitylimit=9;popgrowthrate=4;SimulationRuntime=50;Politics=True;Develop=True;price-sensitivity=0.1;diffusion-rate=0.03;economicgrowthrate=2;initialinequality=10,0.3,10,0.7,10,9,4,50,True,True,0.1,0.03,2,10,50,slumareapercent,30,30,0,14.033893860892283,1.9092857894861304,7.3722297602894615,13.410779349474613,14.592370211405871,15.161349235825133,16.160576428203807,30,30,0,13.976273477709336,1.424839182862561,9.220183486238533,13.38465026529219,14.448375453667463,14.929664261800594,15.544303797468354,-0.05762038318294671,0.05762038318294671,-0.004105801551165727
Population Growth Rate,staying-power=0.3;percent-inappropriate-land=10;informalityindex=0.7;percent-prime-land=10;initialcitylimit=9;popgrowthrate=4;SimulationRuntime=50;Politics=True;Develop=True;price-sensitivity=0.1;diffusion-rate=0.03;economicgrowthrate=2;initialinequality=10,0.3,10,0.7,10,9,4,50,True,True,0.1,0.03,2,10,50,slumpoppercent,30,30,0,0.27310575635876844,0.03715111821162519,0.1461847389558233,0.2724899598393574,0.28714859437751006,0.29497991967871484,0.3096385542168675,30,30,0,0.27389558232931727,0.030154529987520138,0.1791164658634538,0.258433734939759,0.286144578313253,0.29477911646586347,0.30522088353413657,0.0007898259705488297,0.0007898259705488297,0.0028920150972990334
Politics and Development ON OFF,staying-power=0.3;percent-inappropriate-land=10;informalityindex=0.7;percent-prime-land=10;initialcitylimit=9;popgrowthrate=3;SimulationRuntime=50;Politics=False;Develop=False;price-sensitivity=0.1;diffusion-rate=0.03;economicgrowthrate=2;initialinequality=10,0.3,10,0.7,10,9,3,50,False,False,0.1,0.03,2,10,50,central-num-slums,30,30,0,28.3,5.370095998628214,16.0,26.0,28.0,31.75,39.0,30,30,0,26.2,5.254882786841994,17.0,22.25,26.5,29.0,40.0,-2.1000000000000014,2.1000000000000014,-0.07420494699646647
Politics and Development ON OFF,staying-power=0.3;percent-inappropriate-land=10;informalityindex=0.7;percent-prime-land=10;initialcitylimit=9;popgrowthrate=3;SimulationRuntime=50;Politics=False;Develop=False;price-sensitivity=0.1;diffusion-rate=0.03;economicgrowthrate=2;initialinequality=10,0.3,10,0.7,10,9,3,50,False,False,0.1,0.03,2,10,50,central-slum-density,30,30,0,2.679392759126867,0.38623763401968925,2.08,2.4095262096774195,2.6035714285714286,2.933094384707288,3.4615384615384617,30,30,0,2.5175277191082377,0.34084054094526967,2.037037037037037,2.208823529411765,2.5694736842105264,2.7734375,3.260869565217391,-0.16186504001862945,0.16186504001862945,-0.0604110910829573
Politics and Development ON OFF,staying-power=0.3;percent-inappropriate-land=10;informalityindex=0.7;percent-prime-land=10;initialcitylimit=9;popgrowthrate=3;SimulationRuntime=50;Politics=False;Develop=False;price-sensitivity=0.1;diffusion-rate=0.03;economicgrowthrate=2;initialinequality=10,0.3,10,0.7,10,9,3,50,False,False,0.1,0.03,2,10,50,centralslumareapercent,30,30,0,9.831612190783835,1.863243223464099,5.574912891986063,8.996539792387544,9.739395552544341,11.014288479686403,13.636363636363635,30,30,0,9.090001874334941,1.8231247151735457,5.902777777777778,7.718786043829297,9.185169165705497,10.069444444444445,13.84083044982699,-0.7416103164488934,0.7416103164488934,-0.07543120111512126
Politics and Development ON OFF,staying-power=0.3;percent-inappropriate-land=10;informalityindex=0.7;percent-prime-land=10;initialcitylimit=9;popgrowthrate=3;SimulationRuntime=50;Politics=False;Develop=False;price-sensitivity=0.1;diffusion-rate=0.03;economicgrowthrate=2;initialinequality=10,0.3,10,0.7,10,9,3,50,False,False,0.1,0.03,2,10,50,centralslumpoppercent,30,30,0,22.49184293008478,4.712098149323204,11.437908496732026,19.484810371517028,22.591181273816005,25.80411407199626,31.043956043956044,30,30,0,20.06091249364614,4.620981230924262,12.052117263843648,16.83779761904762,20.06096689688021,23.4635826517712,30.0561797752809,-2.43093043643864,2.43093043643864,-0.10808053586338454
Politics and Development ON OFF,staying-power=0.3;percent-inappropriate-land=10;informalityindex=0.7;percent-prime-land=10;initialcitylimit=9;popgrowthrate=3;SimulationRuntime=50;Politics=False;Develop=False;price-sensitivity=0.1;diffusion-rate=0.03;economicgrowthrate=2;initialinequality=10,0.3,10,0.7,10,9,3,50,False,False,0.1,0.03,2,10,50,num-slums,30,30,0,163.66666666666666,11.547005383792515,132.0,156.25,165.5,170.75,187.0,30,30,0,159.36666666666667,13.593820435145835,124.0,156.25,161.0,168.75,182.0,-4.299999999999983,4.299999999999983,-0.02627291242362515
Politics and Development ON OFF,staying-power=0.3;percent-inappropriate-land=10;informalityindex=0.7;percent-prime-land=10;initialcitylimit=9;popgrowthrate=3;SimulationRuntime=50;Politics=False;Develop=False;price-sensitivity=0.1;diffusion-rate=0.03;economicgrowthrate=2;initialinequality=10,0.3,10,0.7,10,9,3,50,False,False,0.1,0.03,2,10,50,peripheral-num-slums,30,30,0,135.36666666666667,10.189525836937124,106.0,131.25,134.0,142.0,158.0,30,30,0,133.16666666666666,11.209858140950308,98.0,128.25,133.5,138.75,150.0,-2.200000000000017,2.200000000000017,-0.01625215464171399
Politics and Development ON OFF,staying-power=0.3;percent-inappropriate-land=10;informalityindex=0.7;percent-prime-land=10;initialcitylimit=9;popgrowthrate=3;SimulationRuntime=50;Politics=False;Develop=False;price-sensitivity=0.1;diffusion-rate=0.03;economicgrowthrate=2;initialinequality=10,0.3,10,0.7,10,9,3,50,False,False,0.1,0.03,2,10,50,periphery-slum-density,30,30,0,2.3223109218978686,0.07051036809628465,2.160377358490566,2.2992663242846665,2.3144855144855145,2.342137934529239,2.58955223880597,30,30,0,2.2720825916016447,0.06844459006928158,2.1037735849056602,2.2449611739180084,2.2571953459889773,2.303515625,2.4186046511627906,-0.050228330296223866,0.050228330296223866,-0.021628598402825248
Politics and Development ON OFF,staying-power=0.3;percent-inappropriate-land=10;informalityindex=0.7;percent-prime-land=10;initialcitylimit=9;popgrowthrate=3;SimulationRuntime=50;Politics=False;Develop=False;price-sensitivity=0.1;diffusion-rate=0.03;economicgrowthrate=2;initialinequality=10,0.3,10,0.7,10,9,3,50,False,False,0.1,0.03,2,10,50,peripheryslumareapercent,30,30,0,13.37105959719317,1.2190217155959862,9.760589318600369,12.927818199766564,13.45594508361237,14.118510744152212,15.879396984924623,30,30,0,12.94475068700108,1.317569212313978,8.957952468007313,12.39131246035004,13.049829438270336,13.600309905274237,14.985014985014985,-0.42630891019209116,0.42630891019209116,-0.0318829564024665
Politics and Development ON OFF,staying-power=0.3;percent-inappropriate-land=10;informalityindex=0.7;percent-prime-land=10;initialcitylimit=9;popgrowthrate=3;SimulationRuntime=50;Politics=False;Develop=False;price-sensitivity=0.1;diffusion-rate=0.03;economicgrowthrate=2;initialinequality=10,0.3,10,0.7,10,9,3,50,False,False,0.1,0.03,2,10,50,peripheryslumpoppercent,30,30,0,26.36748021409481,2.3335797364773745,18.941273779983458,25.215174760153836,26.48266606523277,27.698744769874477,30.481727574750835,30,30,0,25.228060569698467,2.431059418009669,17.957166392092258,24.25884182294439,25.848896434634973,26.59275413473175,28.846153846153843,-1.1394196443963445,1.1394196443963445,-0.04321306530410382
Politics and Development ON OFF,staying-power=0.3;percent-inappropriate-land=10;informalityindex=0.7;percent-prime-land=10;initialcitylimit=9;popgrowthrate=3;SimulationRuntime=50;Politics=False;Develop=False;price-sensitivity=0.1;diffusion-rate=0.03;economicgrowthrate=2;initialinequality=10,0.3,10,0.7,10,9,3,50,False,False,0.1,0.03,2,10,50,slum-density,30,30,0,2.385548913772068,0.09283045558681798,2.2045454545454546,2.3333333333333335,2.3749441548771406,2.469533275713051,2.5542168674698793,30,30,0,2.3137964272182603,0.08728687825596221,2.1625,2.2592763806706113,2.3268086176544553,2.3672753716871364,2.4968152866242037,-0.0717524865538075,0.0717524865538075,-0.03007797750009298
Politics and Development ON OFF,staying-power=0.3;percent-inappropriate-land=10;informalityindex=0.7;percent-prime-land=10;initialcitylimit=9;popgrowthrate=3;SimulationRuntime=50;Politics=False;Develop=False;price-sensitivity=0.1;diffusion-rate=0.03;economicgrowthrate=2;initialinequality=10,0.3,10,0.7,10,9,3,50,False,False,0.1,0.03,2,10,50,slumareapercent,30,30,0,12.587870036988448,1.0696311873964213,9.635036496350365,12.017599138173829,12.71098838855848,13.177686615186616,14.575214341387374,30,30,0,12.101998908003337,1.219762004934645,8.972503617945007,11.688784139051224,12.305252541338216,12.977279515650334,14.21875,-0.48587112898511187,0.48587112898511187,-0.038598359178909414
Politics and Development ON OFF,staying-power=0.3;percent-inappropriate-land=10;informalityindex=0.7;percent-prime-land=10;initialcitylimit=9;popgrowthrate=3;SimulationRuntime=50;Politics=False;Develop=False;price-sensitivity=0.1;diffusion-rate=0.03;economicgrowthrate=2;initialinequality=10,0.3,10,0.7,10,9,3,50,False,False,0.1,0.03,2,10,50,slumpoppercent,30,30,0,0.25554828864181384,0.022401925547793095,0.19032047089601045,0.24672988881621974,0.2567037279267495,0.26929365598430344,0.28776978417266186,30,30,0,0.24146500981033356,0.025077002928153406,0.17724002616088946,0.22694571615434928,0.25016350555918904,0.25686723348593854,0.2818835840418574,-0.014083278831480278,0.014083278831480278,-0.05511004947961101
Politics and Development ON OFF,staying-power=0.3;percent-inappropriate-land=10;informalityindex=0.7;percent-prime-land=10;initialcitylimit=9;popgrowthrate=3;SimulationRuntime=50;Politics=False;Develop=True;price-sensitivity=0.1;diffusion-rate=0.03;economicgrowthrate=2;initialinequality=10,0.3,10,0.7,10,9,3,50,False,True,0.1,0.03,2,10,50,central-num-slums,30,30,0,20.933333333333334,5.051004224722141,12.0,18.0,21.0,25.0,30.0,30,30,0,21.5,4.256840337054282,10.0,19.25,21.0,24.75,30.0,0.5666666666666664,0.5666666666666664,0.027070063694267503
Politics and Development ON OFF,staying-power=0.3;percent-inappropriate-land=10;informalityindex=0.7;percent-prime-land=10;initialcitylimit=9;popgrowthrate=3;SimulationRuntime=50;Politics=False;Develop=True;price-sensitivity=0.1;diffusion-rate=0.03;economicgrowthrate=2;initialinequality=10,0.3,10,0.7,10,9,3,50,False,True,0.1,0.03,2,10,50,central-slum-density,30,30,0,2.5854791359361,0.4451818498716559,2.0,2.245454545454545,2.5,2.7729885057471266,3.814814814814815,30,30,0,2.67176820142088,0.414408930688398,2.0,2.375,2.6833333333333336,2.9210526315789473,3.4761904761904763,0.0862890654847801,0.0862890654847801,0.03337449692996197
Politics and Development ON OFF,staying-power=0.3;percent-inappropriate-land=10;informalityindex=0.7;percent-prime-land=10;initialcitylimit=9;popgrowthrate=3;SimulationRuntime=50;Politics=False;Develop=True;price-sensitivity=0.1;diffusion-rate=0.03;economicgrowthrate=2;initialinequality=10,0.3,10,0.7,10,9,3,50,False,True,0.1,0.03,2,10,50,centralslumareapercent,30,30,0,7.26038491469646,1.7495457076482377,4.1522491349480966,6.233780276816608,7.26643598615917,8.673046424452133,10.416666666666668,30,30,0,7.44886841632875,1.4708863860463879,3.4722222222222223,6.6780204728950405,7.26643598615917,8.571222606689734,10.380622837370241,0.1884835016322901,0.1884835016322901,0.02596053843519537
Politics and Development ON OFF,staying-power=0.3;percent-inappropriate-land=10;informalityindex=0.7;percent-prime-land=10;initialcitylimit=9;popgrowthrate=3;SimulationRuntime=50;Politics=False;Develop=True;price-sensitivity=0.1;diffusion-rate=0.03;economicgrowthrate=2;initialinequality=10,0.3,10,0.7,10,9,3,50,False,True,0.1,0.03,2,10,50,centralslumpoppercent,30,30,0,14.030379992036874,3.9598064133171857,6.722689075630252,11.504131501038398,13.398247464978606,16.95438282647585,24.065420560747665,30,30,0,14.756452933378975,3.4909825318317766,5.7534246575342465,13.013178941036541,14.526613283089965,17.087812573031083,20.506329113924053,0.7260729413421014,0.7260729413421014,0.0517500553623062
Politics and Development ON OFF,staying-power=0.3;percent-inappropriate-land=10;informalityindex=0.7;percent-prime-land=10;initialcitylimit=9;popgrowthrate=3;SimulationRuntime=50;Politics=False;Develop=True;price-sensitivity=0.1;diffusion-rate=0.03;economicgrowthrate=2;initialinequality=10,0.3,10,0.7,10,9,3,50,False,True,0.1,0.03,2,10,50,num-slums,30,30,0,124.16666666666667,16.692107020433614,82.0,119.25,128.5,133.0,146.0,30,30,0,122.23333333333333,18.967637290074272,67.0,119.75,127.0,131.0,148.0,-1.9333333333333371,1.9333333333333371,-0.015570469798657748
Politics and Development ON OFF,staying-power=0.3;percent-inappropriate-land=10;informalityindex=0.7;percent-prime-land=10;initialcitylimit=9;popgrowthrate=3;SimulationRuntime=50;Politics=False;Develop=True;price-sensitivity=0.1;diffusion-rate=0.03;economicgrowthrate=2;initialinequality=10,0.3,10,0.7,10,9,3,50,False,True,0.1,0.03,2,10,50,peripheral-num-slums,30,30,0,103.23333333333333,15.828135868050643,60.0,96.75,108.5,113.0,124.0,30,30,0,100.73333333333333,18.871495259606043,44.0,95.0,106.0,112.0,129.0,-2.5,2.5,-0.024216984178237002
Politics and Development ON OFF,staying-power=0.3;percent-inappropriate-land=10;informalityindex=0.7;percent-prime-land=10;initialcitylimit=9;popgrowthrate=3;SimulationRuntime=50;Politics=False;Develop=True;price-sensitivity=0.1;diffusion-rate=0.03;economicgrowthrate=2;initialinequality=10,0.3,10,0.7,10,9,3,50,False,True,0.1,0.03,2,10,50,periphery-slum-density,30,30,0,2.2267087850997513,0.07787770679182039,2.0833333333333335,2.1825132978723403,2.222451244648803,2.2710348162475826,2.4257425742574257,30,30,0,2.2035422957713147,0.08604296646926145,2.022727272727273,2.1589514066496163,2.2032741331400265,2.2361056365786363,2.4107142857142856,-0.02316648932843668,0.02316648932843668,-0.010403915178966196
Politics and Development ON OFF,staying-power=0.3;percent-inappropriate-land=10;informalityindex=0.7;percent-prime-land=10;initialcitylimit=9;popgrowthrate=3;SimulationRuntime=50;Politics=False;Develop=True;price-sensitivity=0.1;diffusion-rate=0.03;economicgrowthrate=2;initialinequality=10,0.3,10,0.7,10,9,3,50,False,True,0.1,0.03,2,10,50,peripheryslumareapercent,30,30,0,10.823855807132718,1.9000169440791874,5.769230769230769,10.299050982123152,11.49180728784544,12.014865228397294,13.46578366445916,30,30,0,10.556666745147691,2.1968326892305194,4.234841193455245,9.740351189086493,11.163965707221372,11.936340595964314,13.856068743286789,-0.267189061985027,0.267189061985027,-0.02468520153501624
Politics and Development ON OFF,staying-power=0.3;percent-inappropriate-land=10;informalityindex=0.7;percent-prime-land=10;initialcitylimit=9;popgrowthrate=3;SimulationRuntime=50;Politics=False;Develop=True;price-sensitivity=0.1;diffusion-rate=0.03;economicgrowthrate=2;initialinequality=10,0.3,10,0.7,10,9,3,50,False,True,0.1,0.03,2,10,50,peripheryslumpoppercent,30,30,0,20.165014552807254,3.510110357468714,10.720411663807889,18.862673761946134,21.38772352214677,21.93894296430409,24.78031634446397,30,30,0,19.55273496948922,4.02458863994519,7.890070921985816,18.321149724433557,20.65417781742492,21.927245536677873,25.196850393700785,-0.6122795833180348,0.6122795833180348,-0.03036345853927474
Politics and Development ON OFF,staying-power=0.3;percent-inappropriate-land=10;informalityindex=0.7;percent-prime-land=10;initialcitylimit=9;popgrowthrate=3;SimulationRuntime=50;Politics=False;Develop=True;price-sensitivity=0.1;diffusion-rate=0.03;economicgrowthrate=2;initialinequality=10,0.3,10,0.7,10,9,3,50,False,True,0.1,0.03,2,10,50,slum-density,30,30,0,2.286098988879222,0.11210321179003645,2.0842105263157893,2.2196180555555554,2.2942450327540467,2.349609375,2.5488721804511276,30,30,0,2.2865247029623164,0.11111712765158108,2.0543478260869565,2.1932644469957907,2.294019933554817,2.3659999999999997,2.49618320610687,0.0004257140830943307,0.0004257140830943307,0.0001862185693468332
Politics and Development ON OFF,staying-power=0.3;percent-inappropriate-land=10;informalityindex=0.7;percent-prime-land=10;initialcitylimit=9;popgrowthrate=3;SimulationRuntime=50;Politics=False;Develop=True;price-sensitivity=0.1;diffusion-rate=0.03;economicgrowthrate=2;initialinequality=10,0.3,10,0.7,10,9,3,50,False,True,0.1,0.03,2,10,50,slumareapercent,30,30,0,9.99332139049211,1.5357689657614582,6.170052671181339,9.5843063129154,10.494137705469285,10.863338668918166,11.986863711001643,30,30,0,9.828104573360104,1.7019535692063732,5.045180722891566,9.484126984126984,10.27529783827848,10.776316607699837,12.131147540983607,-0.16521681713200564,0.16521681713200564,-0.016532723273485126
Politics and Development ON OFF,staying-power=0.3;percent-inappropriate-land=10;informalityindex=0.7;percent-prime-land=10;initialcitylimit=9;popgrowthrate=3;SimulationRuntime=50;Politics=False;Develop=True;price-sensitivity=0.1;diffusion-rate=0.03;economicgrowthrate=2;initialinequality=10,0.3,10,0.7,10,9,3,50,False,True,0.1,0.03,2,10,50,slumpoppercent,30,30,0,0.18637453673424897,0.030447349781497185,0.11379986919555266,0.1811641595814258,0.19555264879005885,0.2053629823413996,0.23217789404839764,30,30,0,0.18340963592762152,0.03286025340596018,0.09679529103989536,0.17020928711576194,0.19326357096141267,0.2038914323086985,0.22563767168083715,-0.002964900806627452,0.002964900806627452,-0.01590829336764548
Politics and Development ON OFF,staying-power=0.3;percent-inappropriate-land=10;informalityindex=0.7;percent-prime-land=10;initialcitylimit=9;popgrowthrate=3;SimulationRuntime=50;Politics=True;Develop=False;price-sensitivity=0.1;diffusion-rate=0.03;economicgrowthrate=2;initialinequality=10,0.3,10,0.7,10,9,3,50,True,False,0.1,0.03,2,10,50,central-num-slums,30,30,0,30.633333333333333,6.5888271853313105,22.0,26.25,29.0,33.0,49.0,30,30,0,32.46666666666667,5.243934646304495,24.0,28.25,32.5,35.75,42.0,1.8333333333333357,1.8333333333333357,0.059847660500544145
Politics and Development ON OFF,staying-power=0.3;percent-inappropriate-land=10;informalityindex=0.7;percent-prime-land=10;initialcitylimit=9;popgrowthrate=3;SimulationRuntime=50;Politics=True;Develop=False;price-sensitivity=0.1;diffusion-rate=0.03;economicgrowthrate=2;initialinequality=10,0.3,10,0.7,10,9,3,50,True,False,0.1,0.03,2,10,50,central-slum-density,30,30,0,2.6169143847266674,0.39652242391544856,2.0,2.2355295566502464,2.5741758241758244,2.904040404040404,3.3461538461538463,30,30,0,2.6361126486077984,0.38258263135833637,2.0,2.249216300940439,2.633848133848134,2.994642857142857,3.303030303030303,0.019198263881130995,0.019198263881130995,0.007336221617787554
Politics and Development ON OFF,staying-power=0.3;percent-inappropriate-land=10;informalityindex=0.7;percent-prime-land=10;initialcitylimit=9;popgrowthrate=3;SimulationRuntime=50;Politics=True;Develop=False;price-sensitivity=0.1;diffusion-rate=0.03;economicgrowthrate=2;initialinequality=10,0.3,10,0.7,10,9,3,50,True,False,0.1,0.03,2,10,50,centralslumareapercent,30,30,0,10.63469610368416,2.2886007999956903,7.612456747404845,9.114583333333332,10.069444444444445,11.448421280276815,16.955017301038062,30,30,0,11.264589062636366,1.8054250801221894,8.333333333333332,9.851307861688484,11.264898116109189,12.37024221453287,14.53287197231834,0.6298929589522064,0.6298929589522064,0.05922999141780776
Politics and Development ON OFF,staying-power=0.3;percent-inappropriate-land=10;informalityindex=0.7;percent-prime-land=10;initialcitylimit=9;popgrowthrate=3;SimulationRuntime=50;Politics=True;Develop=False;price-sensitivity=0.1;diffusion-rate=0.03;economicgrowthrate=2;initialinequality=10,0.3,10,0.7,10,9,3,50,True,False,0.1,0.03,2,10,50,centralslumpoppercent,30,30,0,23.631574907918555,5.620847862965542,14.968152866242038,19.37002602138692,22.61553588987217,27.948658090898846,35.56149732620321,30,30,0,24.906126953641497,4.310938906572072,15.384615384615385,22.637129632196014,25.618325139854214,27.97783251231527,33.064516129032256,1.2745520457229418,1.2745520457229418,0.05393428286897037
Politics and Development ON OFF,staying-power=0.3;percent-inappropriate-land=10;informalityindex=0.7;percent-prime-land=10;initialcitylimit=9;popgrowthrate=3;SimulationRuntime=50;Politics=True;Develop=False;price-sensitivity=0.1;diffusion-rate=0.03;economicgrowthrate=2;initialinequality=10,0.3,10,0.7,10,9,3,50,True,False,0.1,0.03,2,10,50,num-slums,30,30,0,160.0,18.21140226379597,127.0,144.0,166.0,171.5,188.0,30,30,0,157.0,18.913596641861496,112.0,144.25,162.0,170.75,183.0,-3.0,3.0,-0.01875
Politics and Development ON OFF,staying-power=0.3;percent-inappropriate-land=10;informalityindex=0.7;percent-prime-land=10;initialcitylimit=9;popgrowthrate=3;SimulationRuntime=50;Politics=True;Develop=False;price-sensitivity=0.1;diffusion-rate=0.03;economicgrowthrate=2;initialinequality=10,0.3,10,0.7,10,9,3,50,True,False,0.1,0.03,2,10,50,peripheral-num-slums,30,30,0,129.36666666666667,17.347330776158945,91.0,117.25,135.5,142.5,156.0,30,30,0,124.53333333333333,18.492744771812603,83.0,112.75,128.5,137.5,151.0,-4.833333333333343,4.833333333333343,-0.03736150476681275
Politics and Development ON OFF,staying-power=0.3;percent-inappropriate-land=10;informalityindex=0.7;percent-prime-land=10;initialcitylimit=9;popgrowthrate=3;SimulationRuntime=50;Politics=True;Develop=False;price-sensitivity=0.1;diffusion-rate=0.03;economicgrowthrate=2;initialinequality=10,0.3,10,0.7,10,9,3,50,True,False,0.1,0.03,2,10,50,periphery-slum-density,30,30,0,2.285253995253972,0.09963021203151086,2.0816326530612246,2.224140123339055,2.3068312284730195,2.3216783216783217,2.464,30,30,0,2.2714567224696256,0.10851771672861525,2.0454545454545454,2.197721088435374,2.2762934690415606,2.338196484588956,2.5137614678899083,-0.013797272784346504,0.013797272784346504,-0.006037522661813853
Politics and Development ON OFF,staying-power=0.3;percent-inappropriate-land=10;informalityindex=0.7;percent-prime-land=10;initialcitylimit=9;popgrowthrate=3;SimulationRuntime=50;Politics=True;Develop=False;price-sensitivity=0.1;diffusion-rate=0.03;economicgrowthrate=2;initialinequality=10,0.3,10,0.7,10,9,3,50,True,False,0.1,0.03,2,10,50,peripheryslumareapercent,30,30,0,12.707555433098163,2.045091405373897,8.472998137802607,11.154293540720575,13.526244553409239,14.179858636602606,15.678391959798995,30,30,0,12.183168676677036,2.162909956827226,7.4372759856630815,10.97188286964864,12.710217548927226,13.803218326641904,15.503080082135522,-0.5243867564211264,0.5243867564211264,-0.04126574612889793
Politics and Development ON OFF,staying-power=0.3;percent-inappropriate-land=10;informalityindex=0.7;percent-prime-land=10;initialcitylimit=9;popgrowthrate=3;SimulationRuntime=50;Politics=True;Develop=False;price-sensitivity=0.1;diffusion-rate=0.03;economicgrowthrate=2;initialinequality=10,0.3,10,0.7,10,9,3,50,True,False,0.1,0.03,2,10,50,peripheryslumpoppercent,30,30,0,24.934099369260085,4.031423790506425,16.41156462585034,22.439746631082997,26.56983797245868,27.74967010215457,30.025020850708923,30,30,0,23.919555197493423,4.184151884616804,14.273858921161825,21.28032178217822,25.383091340313534,27.05128205128205,30.017006802721085,-1.0145441717666621,1.0145441717666621,-0.04068902416493291
Politics and Development ON OFF,staying-power=0.3;percent-inappropriate-land=10;informalityindex=0.7;percent-prime-land=10;initialcitylimit=9;popgrowthrate=3;SimulationRuntime=50;Politics=True;Develop=False;price-sensitivity=0.1;diffusion-rate=0.03;economicgrowthrate=2;initialinequality=10,0.3,10,0.7,10,9,3,50,True,False,0.1,0.03,2,10,50,slum-density,30,30,0,2.351631447547037,0.12862342401530094,2.0833333333333335,2.2687273813288362,2.341751621872104,2.4544899874843553,2.6153846153846154,30,30,0,2.3422779566150758,0.13761676574568793,2.1160714285714284,2.2393674190081376,2.3615721413298036,2.4493205379658165,2.664429530201342,-0.00935349093196125,0.00935349093196125,-0.003977447631820786
Politics and Development ON OFF,staying-power=0.3;percent-inappropriate-land=10;informalityindex=0.7;percent-prime-land=10;initialcitylimit=9;popgrowthrate=3;SimulationRuntime=50;Politics=True;Develop=False;price-sensitivity=0.1;diffusion-rate=0.03;economicgrowthrate=2;initialinequality=10,0.3,10,0.7,10,9,3,50,True,False,0.1,0.03,2,10,50,slumareapercent,30,30,0,12.245503408398003,1.6915505089515077,9.216255442670537,10.798623443282198,12.652622785201348,13.29202927471949,14.94435612082671,30,30,0,11.973497991559434,1.7418141053144498,7.977207977207977,10.636533910916297,12.475875897380813,13.252135705097949,14.421553090332806,-0.27200541683856905,0.27200541683856905,-0.022212677402223165
Politics and Development ON OFF,staying-power=0.3;percent-inappropriate-land=10;informalityindex=0.7;percent-prime-land=10;initialcitylimit=9;popgrowthrate=3;SimulationRuntime=50;Politics=True;Develop=False;price-sensitivity=0.1;diffusion-rate=0.03;economicgrowthrate=2;initialinequality=10,0.3,10,0.7,10,9,3,50,True,False,0.1,0.03,2,10,50,slumpoppercent,30,30,0,0.24693699585785917,0.036385518405442026,0.17985611510791366,0.21697187704381948,0.263570961412688,0.2738718116415958,0.3001962066710268,30,30,0,0.24155221277523437,0.038377589993671544,0.15500327011118378,0.20732504905166776,0.2567037279267495,0.26798561151079137,0.29365598430346634,-0.0053847830826248,0.0053847830826248,-0.021806303522556685
Politics and Development ON OFF,staying-power=0.3;percent-inappropriate-land=10;informalityindex=0.7;percent-prime-land=10;initialcitylimit=9;popgrowthrate=3;SimulationRuntime=50;Politics=True;Develop=True;price-sensitivity=0.1;diffusion-rate=0.03;economicgrowthrate=2;initialinequality=10,0.3,10,0.7,10,9,3,50,True,True,0.1,0.03,2,10,50,central-num-slums,30,30,0,23.733333333333334,5.9418639437837,15.0,18.25,23.0,28.75,37.0,30,30,0,24.166666666666668,6.411645296045224,9.0,19.25,23.5,28.75,37.0,0.43333333333333357,0.43333333333333357,0.018258426966292145
Politics and Development ON OFF,staying-power=0.3;percent-inappropriate-land=10;informalityindex=0.7;percent-prime-land=10;initialcitylimit=9;popgrowthrate=3;SimulationRuntime=50;Politics=True;Develop=True;price-sensitivity=0.1;diffusion-rate=0.03;economicgrowthrate=2;initialinequality=10,0.3,10,0.7,10,9,3,50,True,True,0.1,0.03,2,10,50,central-slum-density,30,30,0,2.7059912691352532,0.40072047142297373,2.16,2.3484848484848486,2.690061028770706,2.957880434782609,3.8823529411764706,30,30,0,2.616719761426712,0.3170375731099577,2.08,2.4285714285714284,2.6055555555555556,2.822916666666667,3.2857142857142856,-0.08927150770854109,0.08927150770854109,-0.03299031623892466
Politics and Development ON OFF,staying-power=0.3;percent-inappropriate-land=10;informalityindex=0.7;percent-prime-land=10;initialcitylimit=9;popgrowthrate=3;SimulationRuntime=50;Politics=True;Develop=True;price-sensitivity=0.1;diffusion-rate=0.03;economicgrowthrate=2;initialinequality=10,0.3,10,0.7,10,9,3,50,True,True,0.1,0.03,2,10,50,centralslumareapercent,30,30,0,8.23373791996642,2.063112150516115,5.208333333333334,6.347431368530195,8.028534528973147,9.964975947337328,12.847222222222221,30,30,0,8.380987238670377,2.219761890667658,3.1358885017421603,6.6952606006534605,8.174240224545102,9.991107723577237,12.802768166089965,0.14724931870395785,0.14724931870395785,0.01788365383198381
Politics and Development ON OFF,staying-power=0.3;percent-inappropriate-land=10;informalityindex=0.7;percent-prime-land=10;initialcitylimit=9;popgrowthrate=3;SimulationRuntime=50;Politics=True;Develop=True;price-sensitivity=0.1;diffusion-rate=0.03;economicgrowthrate=2;initialinequality=10,0.3,10,0.7,10,9,3,50,True,True,0.1,0.03,2,10,50,centralslumpoppercent,30,30,0,16.286813459229197,3.9751878216114513,10.326086956521738,13.232155437980909,15.930045320555275,20.192307692307693,24.390243902439025,30,30,0,16.159645651017247,4.410215346909263,5.376344086021505,12.990259740259738,16.89775037712337,19.233423931382713,23.65853658536585,-0.12716780821195073,0.12716780821195073,-0.007808022639314319
Politics and Development ON OFF,staying-power=0.3;percent-inappropriate-land=10;informalityindex=0.7;percent-prime-land=10;initialcitylimit=9;popgrowthrate=3;SimulationRuntime=50;Politics=True;Develop=True;price-sensitivity=0.1;diffusion-rate=0.03;economicgrowthrate=2;initialinequality=10,0.3,10,0.7,10,9,3,50,True,True,0.1,0.03,2,10,50,num-slums,30,30,0,126.36666666666666,19.605564539679552,83.0,117.25,132.5,136.75,156.0,30,30,0,127.96666666666667,12.847872045282598,92.0,124.25,129.5,134.75,148.0,1.6000000000000085,1.6000000000000085,0.012661566868900095
Politics and Development ON OFF,staying-power=0.3;percent-inappropriate-land=10;informalityindex=0.7;percent-prime-land=10;initialcitylimit=9;popgrowthrate=3;SimulationRuntime=50;Politics=True;Develop=True;price-sensitivity=0.1;diffusion-rate=0.03;economicgrowthrate=2;initialinequality=10,0.3,10,0.7,10,9,3,50,True,True,0.1,0.03,2,10,50,peripheral-num-slums,30,30,0,102.63333333333334,18.104073333489563,59.0,98.75,108.5,115.75,123.0,30,30,0,103.8,12.978496804728383,67.0,98.25,106.0,113.0,125.0,1.1666666666666572,1.1666666666666572,0.011367327054238296
Politics and Development ON OFF,staying-power=0.3;percent-inappropriate-land=10;informalityindex=0.7;percent-prime-land=10;initialcitylimit=9;popgrowthrate=3;SimulationRuntime=50;Politics=True;Develop=True;price-sensitivity=0.1;diffusion-rate=0.03;economicgrowthrate=2;initialinequality=10,0.3,10,0.7,10,9,3,50,True,True,0.1,0.03,2,10,50,periphery-slum-density,30,30,0,2.2091553013482614,0.08253237588252753,2.078125,2.150892486508925,2.2096712538226297,2.278069817291007,2.382608695652174,30,30,0,2.232311216640985,0.0862800124259353,2.0714285714285716,2.1760725741780274,2.2341479256312415,2.302255639097744,2.4,0.023155915292723428,0.023155915292723428,0.010481796041496596
Politics and Development ON OFF,staying-power=0.3;percent-inappropriate-land=10;informalityindex=0.7;percent-prime-land=10;initialcitylimit=9;popgrowthrate=3;SimulationRuntime=50;Politics=True;Develop=True;price-sensitivity=0.1;diffusion-rate=0.03;economicgrowthrate=2;initialinequality=10,0.3,10,0.7,10,9,3,50,True,True,0.1,0.03,2,10,50,peripheryslumareapercent,30,30,0,10.77543684331768,2.1166204709246235,5.76171875,10.25142799973738,11.5850479729355,12.35663963299746,12.86031042128603,30,30,0,10.935359508981565,1.5598257981826726,6.511175898931001,10.41549746792819,11.307732870126245,12.102636169800348,13.455328310010763,0.1599226656638848,0.1599226656638848,0.014841409029561511
Politics and Development ON OFF,staying-power=0.3;percent-inappropriate-land=10;informalityindex=0.7;percent-prime-land=10;initialcitylimit=9;popgrowthrate=3;SimulationRuntime=50;Politics=True;Develop=True;price-sensitivity=0.1;diffusion-rate=0.03;economicgrowthrate=2;initialinequality=10,0.3,10,0.7,10,9,3,50,True,True,0.1,0.03,2,10,50,peripheryslumpoppercent,30,30,0,19.984691226066744,3.885120056620031,10.761154855643044,19.09481357541841,21.249456111908554,22.6543504705906,24.10480349344978,30,30,0,20.385731000668716,2.8263330552927246,12.241379310344827,19.389240896617643,21.38151367226257,22.202539120165337,24.450307827616534,0.4010397746019727,0.4010397746019727,0.020067349055605237
Politics and Development ON OFF,staying-power=0.3;percent-inappropriate-land=10;informalityindex=0.7;percent-prime-land=10;initialcitylimit=9;popgrowthrate=3;SimulationRuntime=50;Politics=True;Develop=True;price-sensitivity=0.1;diffusion-rate=0.03;economicgrowthrate=2;initialinequality=10,0.3,10,0.7,10,9,3,50,True,True,0.1,0.03,2,10,50,slum-density,30,30,0,2.3003588777538795,0.10901487852069065,2.101123595505618,2.2358629388269917,2.304317880794702,2.3818781806615776,2.517543859649123,30,30,0,2.304806929457848,0.11778773334826508,2.108695652173913,2.208734727443609,2.300820707070707,2.3863608618690106,2.5476190476190474,0.0044480517039686696,0.0044480517039686696,0.001933633811221597
Politics and Development ON OFF,staying-power=0.3;percent-inappropriate-land=10;informalityindex=0.7;percent-prime-land=10;initialcitylimit=9;popgrowthrate=3;SimulationRuntime=50;Politics=True;Develop=True;price-sensitivity=0.1;diffusion-rate=0.03;economicgrowthrate=2;initialinequality=10,0.3,10,0.7,10,9,3,50,True,True,0.1,0.03,2,10,50,slumareapercent,30,30,0,10.180552635447036,1.7606428871799018,6.444099378881988,9.376089158172286,10.77643922253536,11.20026458812471,12.594458438287154,30,30,0,10.336272080767145,1.1909291696347992,6.980273141122914,10.116968526199837,10.532641444574757,10.879002854173198,12.22130470685384,0.15571944532010917,0.15571944532010917,0.015295775278241702
Politics and Development ON OFF,staying-power=0.3;percent-inappropriate-land=10;informalityindex=0.7;percent-prime-land=10;initialcitylimit=9;popgrowthrate=3;SimulationRuntime=50;Politics=True;Develop=True;price-sensitivity=0.1;diffusion-rate=0.03;economicgrowthrate=2;initialinequality=10,0.3,10,0.7,10,9,3,50,True,True,0.1,0.03,2,10,50,slumpoppercent,30,30,0,0.1905602790494877,0.03278376750134278,0.12164813603662525,0.17560497056899935,0.1998037933289732,0.2130477436232832,0.2341399607586658,30,30,0,0.1932417702201875,0.023811869303359393,0.12688031393067364,0.18868541530412034,0.1988227599738391,0.20716154349247873,0.2262916939175932,0.0026814911706997957,0.0026814911706997957,0.014071616519848944
