engine,run_number,seed,bin,patch_count,run_patch_total,probability
netlogo,1,20260712,2,111,136,0.8161764705882353
netlogo,1,20260712,3,15,136,0.11029411764705882
netlogo,1,20260712,4,8,136,0.058823529411764705
netlogo,1,20260712,5,1,136,0.007352941176470588
netlogo,1,20260712,6,0,136,0.0
netlogo,1,20260712,7,0,136,0.0
netlogo,1,20260712,8,0,136,0.0
netlogo,1,20260712,9,0,136,0.0
netlogo,1,20260712,10,0,136,0.0
netlogo,1,20260712,11,1,136,0.007352941176470588
netlogo,1,20260712,12,0,136,0.0
netlogo,1,20260712,13,0,136,0.0
netlogo,1,20260712,14,0,136,0.0
netlogo,1,20260712,15,0,136,0.0
netlogo,1,20260712,16,0,136,0.0
netlogo,1,20260712,17,0,136,0.0
netlogo,1,20260712,18,0,136,0.0
netlogo,1,20260712,19,0,136,0.0
netlogo,1,20260712,20,0,136,0.0
netlogo,1,20260712,21,0,136,0.0
netlogo,1,20260712,22,0,136,0.0
netlogo,1,20260712,23,0,136,0.0
netlogo,1,20260712,24,0,136,0.0
netlogo,1,20260712,25,0,136,0.0
netlogo,1,20260712,26,0,136,0.0
netlogo,1,20260712,27,0,136,0.0
netlogo,1,20260712,28,0,136,0.0
netlogo,1,20260712,29,0,136,0.0
netlogo,1,20260712,30,0,136,0.0
netlogo,1,20260712,31+,0,136,0.0
netlogo,2,20260713,2,106,136,0.7794117647058824
netlogo,2,20260713,3,19,136,0.13970588235294118
netlogo,2,20260713,4,3,136,0.022058823529411766
netlogo,2,20260713,5,3,136,0.022058823529411766
netlogo,2,20260713,6,1,136,0.007352941176470588
netlogo,2,20260713,7,1,136,0.007352941176470588
netlogo,2,20260713,8,0,136,0.0
netlogo,2,20260713,9,3,136,0.022058823529411766
netlogo,2,20260713,10,0,136,0.0
netlogo,2,20260713,11,0,136,0.0
netlogo,2,20260713,12,0,136,0.0
netlogo,2,20260713,13,0,136,0.0
netlogo,2,20260713,14,0,136,0.0
netlogo,2,20260713,15,0,136,0.0
netlogo,2,20260713,16,0,136,0.0
netlogo,2,20260713,17,0,136,0.0
netlogo,2,20260713,18,0,136,0.0
netlogo,2,20260713,19,0,136,0.0
netlogo,2,20260713,20,0,136,0.0
netlogo,2,20260713,21,0,136,0.0
netlogo,2,20260713,22,0,136,0.0
netlogo,2,20260713,23,0,136,0.0
netlogo,2,20260713,24,0,136,0.0
netlogo,2,20260713,25,0,136,0.0
netlogo,2,20260713,26,0,136,0.0
netlogo,2,20260713,27,0,136,0.0
netlogo,2,20260713,28,0,136,0.0
netlogo,2,20260713,29,0,136,0.0
netlogo,2,20260713,30,0,136,0.0
netlogo,2,20260713,31+,0,136,0.0
netlogo,3,20260714,2,107,130,0.823076923076923
netlogo,3,20260714,3,17,130,0.13076923076923078
netlogo,3,20260714,4,3,130,0.023076923076923078
netlogo,3,20260714,5,2,130,0.015384615384615385
netlogo,3,20260714,6,1,130,0.007692307692307693
netlogo,3,20260714,7,0,130,0.0
netlogo,3,20260714,8,0,130,0.0
netlogo,3,20260714,9,0,130,0.0
netlogo,3,20260714,10,0,130,0.0
netlogo,3,20260714,11,0,130,0.0
netlogo,3,20260714,12,0,130,0.0
netlogo,3,20260714,13,0,130,0.0
netlogo,3,20260714,14,0,130,0.0
netlogo,3,20260714,15,0,130,0.0
netlogo,3,20260714,16,0,130,0.0
netlogo,3,20260714,17,0,130,0.0
netlogo,3,20260714,18,0,130,0.0
netlogo,3,20260714,19,0,130,0.0
netlogo,3,20260714,20,0,130,0.0
netlogo,3,20260714,21,0,130,0.0
netlogo,3,20260714,22,0,130,0.0
netlogo,3,20260714,23,0,130,0.0
netlogo,3,20260714,24,0,130,0.0
netlogo,3,20260714,25,0,130,0.0
netlogo,3,20260714,26,0,130,0.0
netlogo,3,20260714,27,0,130,0.0
netlogo,3,20260714,28,0,130,0.0
netlogo,3,20260714,29,0,130,0.0
netlogo,3,20260714,30,0,130,0.0
netlogo,3,20260714,31+,0,130,0.0
netlogo,4,20260715,2,111,145,0.7655172413793103
netlogo,4,20260715,3,20,145,0.13793103448275862
netlogo,4,20260715,4,9,145,0.06206896551724138
netlogo,4,20260715,5,3,145,0.020689655172413793
netlogo,4,20260715,6,1,145,0.006896551724137931
netlogo,4,20260715,7,0,145,0.0
netlogo,4,20260715,8,1,145,0.006896551724137931
netlogo,4,20260715,9,0,145,0.0
netlogo,4,20260715,10,0,145,0.0
netlogo,4,20260715,11,0,145,0.0
netlogo,4,20260715,12,0,145,0.0
netlogo,4,20260715,13,0,145,0.0
netlogo,4,20260715,14,0,145,0.0
netlogo,4,20260715,15,0,145,0.0
netlogo,4,20260715,16,0,145,0.0
netlogo,4,20260715,17,0,145,0.0
netlogo,4,20260715,18,0,145,0.0
netlogo,4,20260715,19,0,145,0.0
netlogo,4,20260715,20,0,145,0.0
netlogo,4,20260715,21,0,145,0.0
netlogo,4,20260715,22,0,145,0.0
netlogo,4,20260715,23,0,145,0.0
netlogo,4,20260715,24,0,145,0.0
netlogo,4,20260715,25,0,145,0.0
netlogo,4,20260715,26,0,145,0.0
netlogo,4,20260715,27,0,145,0.0
netlogo,4,20260715,28,0,145,0.0
netlogo,4,20260715,29,0,145,0.0
netlogo,4,20260715,30,0,145,0.0
netlogo,4,20260715,31+,0,145,0.0
netlogo,5,20260716,2,95,124,0.7661290322580645
netlogo,5,20260716,3,17,124,0.13709677419354838
netlogo,5,20260716,4,7,124,0.056451612903225805
netlogo,5,20260716,5,2,124,0.016129032258064516
netlogo,5,20260716,6,1,124,0.008064516129032258
netlogo,5,20260716,7,2,124,0.016129032258064516
netlogo,5,20260716,8,0,124,0.0
netlogo,5,20260716,9,0,124,0.0
netlogo,5,20260716,10,0,124,0.0
netlogo,5,20260716,11,0,124,0.0
netlogo,5,20260716,12,0,124,0.0
netlogo,5,20260716,13,0,124,0.0
netlogo,5,20260716,14,0,124,0.0
netlogo,5,20260716,15,0,124,0.0
netlogo,5,20260716,16,0,124,0.0
netlogo,5,20260716,17,0,124,0.0
netlogo,5,20260716,18,0,124,0.0
netlogo,5,20260716,19,0,124,0.0
netlogo,5,20260716,20,0,124,0.0
netlogo,5,20260716,21,0,124,0.0
netlogo,5,20260716,22,0,124,0.0
netlogo,5,20260716,23,0,124,0.0
netlogo,5,20260716,24,0,124,0.0
netlogo,5,20260716,25,0,124,0.0
netlogo,5,20260716,26,0,124,0.0
netlogo,5,20260716,27,0,124,0.0
netlogo,5,20260716,28,0,124,0.0
netlogo,5,20260716,29,0,124,0.0
netlogo,5,20260716,30,0,124,0.0
netlogo,5,20260716,31+,0,124,0.0
netlogo,6,20260717,2,123,146,0.8424657534246576
netlogo,6,20260717,3,13,146,0.08904109589041095
netlogo,6,20260717,4,5,146,0.03424657534246575
netlogo,6,20260717,5,1,146,0.00684931506849315
netlogo,6,20260717,6,4,146,0.0273972602739726
netlogo,6,20260717,7,0,146,0.0
netlogo,6,20260717,8,0,146,0.0
netlogo,6,20260717,9,0,146,0.0
netlogo,6,20260717,10,0,146,0.0
netlogo,6,20260717,11,0,146,0.0
netlogo,6,20260717,12,0,146,0.0
netlogo,6,20260717,13,0,146,0.0
netlogo,6,20260717,14,0,146,0.0
netlogo,6,20260717,15,0,146,0.0
netlogo,6,20260717,16,0,146,0.0
netlogo,6,20260717,17,0,146,0.0
netlogo,6,20260717,18,0,146,0.0
netlogo,6,20260717,19,0,146,0.0
netlogo,6,20260717,20,0,146,0.0
netlogo,6,20260717,21,0,146,0.0
netlogo,6,20260717,22,0,146,0.0
netlogo,6,20260717,23,0,146,0.0
netlogo,6,20260717,24,0,146,0.0
netlogo,6,20260717,25,0,146,0.0
netlogo,6,20260717,26,0,146,0.0
netlogo,6,20260717,27,0,146,0.0
netlogo,6,20260717,28,0,146,0.0
netlogo,6,20260717,29,0,146,0.0
netlogo,6,20260717,30,0,146,0.0
netlogo,6,20260717,31+,0,146,0.0
netlogo,7,20260718,2,128,152,0.8421052631578947
netlogo,7,20260718,3,19,152,0.125
netlogo,7,20260718,4,3,152,0.019736842105263157
netlogo,7,20260718,5,1,152,0.006578947368421052
netlogo,7,20260718,6,0,152,0.0
netlogo,7,20260718,7,1,152,0.006578947368421052
netlogo,7,20260718,8,0,152,0.0
netlogo,7,20260718,9,0,152,0.0
netlogo,7,20260718,10,0,152,0.0
netlogo,7,20260718,11,0,152,0.0
netlogo,7,20260718,12,0,152,0.0
netlogo,7,20260718,13,0,152,0.0
netlogo,7,20260718,14,0,152,0.0
netlogo,7,20260718,15,0,152,0.0
netlogo,7,20260718,16,0,152,0.0
netlogo,7,20260718,17,0,152,0.0
netlogo,7,20260718,18,0,152,0.0
netlogo,7,20260718,19,0,152,0.0
netlogo,7,20260718,20,0,152,0.0
netlogo,7,20260718,21,0,152,0.0
netlogo,7,20260718,22,0,152,0.0
netlogo,7,20260718,23,0,152,0.0
netlogo,7,20260718,24,0,152,0.0
netlogo,7,20260718,25,0,152,0.0
netlogo,7,20260718,26,0,152,0.0
netlogo,7,20260718,27,0,152,0.0
netlogo,7,20260718,28,0,152,0.0
netlogo,7,20260718,29,0,152,0.0
netlogo,7,20260718,30,0,152,0.0
netlogo,7,20260718,31+,0,152,0.0
netlogo,8,20260719,2,101,130,0.7769230769230769
netlogo,8,20260719,3,20,130,0.15384615384615385
netlogo,8,20260719,4,3,130,0.023076923076923078
netlogo,8,20260719,5,2,130,0.015384615384615385
netlogo,8,20260719,6,3,130,0.023076923076923078
netlogo,8,20260719,7,0,130,0.0
netlogo,8,20260719,8,1,130,0.007692307692307693
netlogo,8,20260719,9,0,130,0.0
netlogo,8,20260719,10,0,130,0.0
netlogo,8,20260719,11,0,130,0.0
netlogo,8,20260719,12,0,130,0.0
netlogo,8,20260719,13,0,130,0.0
netlogo,8,20260719,14,0,130,0.0
netlogo,8,20260719,15,0,130,0.0
netlogo,8,20260719,16,0,130,0.0
netlogo,8,20260719,17,0,130,0.0
netlogo,8,20260719,18,0,130,0.0
netlogo,8,20260719,19,0,130,0.0
netlogo,8,20260719,20,0,130,0.0
netlogo,8,20260719,21,0,130,0.0
netlogo,8,20260719,22,0,130,0.0
netlogo,8,20260719,23,0,130,0.0
netlogo,8,20260719,24,0,130,0.0
netlogo,8,20260719,25,0,130,0.0
netlogo,8,20260719,26,0,130,0.0
netlogo,8,20260719,27,0,130,0.0
netlogo,8,20260719,28,0,130,0.0
netlogo,8,20260719,29,0,130,0.0
netlogo,8,20260719,30,0,130,0.0
netlogo,8,20260719,31+,0,130,0.0
netlogo,9,20260720,2,107,138,0.7753623188405797
netlogo,9,20260720,3,18,138,0.13043478260869565
netlogo,9,20260720,4,6,138,0.043478260869565216
netlogo,9,20260720,5,2,138,0.014492753623188406
netlogo,9,20260720,6,2,138,0.014492753623188406
netlogo,9,20260720,7,1,138,0.007246376811594203
netlogo,9,20260720,8,1,138,0.007246376811594203
netlogo,9,20260720,9,1,138,0.007246376811594203
netlogo,9,20260720,10,0,138,0.0
netlogo,9,20260720,11,0,138,0.0
netlogo,9,20260720,12,0,138,0.0
netlogo,9,20260720,13,0,138,0.0
netlogo,9,20260720,14,0,138,0.0
netlogo,9,20260720,15,0,138,0.0
netlogo,9,20260720,16,0,138,0.0
netlogo,9,20260720,17,0,138,0.0
netlogo,9,20260720,18,0,138,0.0
netlogo,9,20260720,19,0,138,0.0
netlogo,9,20260720,20,0,138,0.0
netlogo,9,20260720,21,0,138,0.0
netlogo,9,20260720,22,0,138,0.0
netlogo,9,20260720,23,0,138,0.0
netlogo,9,20260720,24,0,138,0.0
netlogo,9,20260720,25,0,138,0.0
netlogo,9,20260720,26,0,138,0.0
netlogo,9,20260720,27,0,138,0.0
netlogo,9,20260720,28,0,138,0.0
netlogo,9,20260720,29,0,138,0.0
netlogo,9,20260720,30,0,138,0.0
netlogo,9,20260720,31+,0,138,0.0
netlogo,10,20260721,2,104,119,0.8739495798319328
netlogo,10,20260721,3,10,119,0.08403361344537816
netlogo,10,20260721,4,4,119,0.03361344537815126
netlogo,10,20260721,5,1,119,0.008403361344537815
netlogo,10,20260721,6,0,119,0.0
netlogo,10,20260721,7,0,119,0.0
netlogo,10,20260721,8,0,119,0.0
netlogo,10,20260721,9,0,119,0.0
netlogo,10,20260721,10,0,119,0.0
netlogo,10,20260721,11,0,119,0.0
netlogo,10,20260721,12,0,119,0.0
netlogo,10,20260721,13,0,119,0.0
netlogo,10,20260721,14,0,119,0.0
netlogo,10,20260721,15,0,119,0.0
netlogo,10,20260721,16,0,119,0.0
netlogo,10,20260721,17,0,119,0.0
netlogo,10,20260721,18,0,119,0.0
netlogo,10,20260721,19,0,119,0.0
netlogo,10,20260721,20,0,119,0.0
netlogo,10,20260721,21,0,119,0.0
netlogo,10,20260721,22,0,119,0.0
netlogo,10,20260721,23,0,119,0.0
netlogo,10,20260721,24,0,119,0.0
netlogo,10,20260721,25,0,119,0.0
netlogo,10,20260721,26,0,119,0.0
netlogo,10,20260721,27,0,119,0.0
netlogo,10,20260721,28,0,119,0.0
netlogo,10,20260721,29,0,119,0.0
netlogo,10,20260721,30,0,119,0.0
netlogo,10,20260721,31+,0,119,0.0
netlogo,11,20260722,2,103,134,0.7686567164179104
netlogo,11,20260722,3,26,134,0.19402985074626866
netlogo,11,20260722,4,4,134,0.029850746268656716
netlogo,11,20260722,5,1,134,0.007462686567164179
netlogo,11,20260722,6,0,134,0.0
netlogo,11,20260722,7,0,134,0.0
netlogo,11,20260722,8,0,134,0.0
netlogo,11,20260722,9,0,134,0.0
netlogo,11,20260722,10,0,134,0.0
netlogo,11,20260722,11,0,134,0.0
netlogo,11,20260722,12,0,134,0.0
netlogo,11,20260722,13,0,134,0.0
netlogo,11,20260722,14,0,134,0.0
netlogo,11,20260722,15,0,134,0.0
netlogo,11,20260722,16,0,134,0.0
netlogo,11,20260722,17,0,134,0.0
netlogo,11,20260722,18,0,134,0.0
netlogo,11,20260722,19,0,134,0.0
netlogo,11,20260722,20,0,134,0.0
netlogo,11,20260722,21,0,134,0.0
netlogo,11,20260722,22,0,134,0.0
netlogo,11,20260722,23,0,134,0.0
netlogo,11,20260722,24,0,134,0.0
netlogo,11,20260722,25,0,134,0.0
netlogo,11,20260722,26,0,134,0.0
netlogo,11,20260722,27,0,134,0.0
netlogo,11,20260722,28,0,134,0.0
netlogo,11,20260722,29,0,134,0.0
netlogo,11,20260722,30,0,134,0.0
netlogo,11,20260722,31+,0,134,0.0
netlogo,12,20260723,2,102,119,0.8571428571428571
netlogo,12,20260723,3,10,119,0.08403361344537816
netlogo,12,20260723,4,3,119,0.025210084033613446
netlogo,12,20260723,5,2,119,0.01680672268907563
netlogo,12,20260723,6,0,119,0.0
netlogo,12,20260723,7,0,119,0.0
netlogo,12,20260723,8,1,119,0.008403361344537815
netlogo,12,20260723,9,1,119,0.008403361344537815
netlogo,12,20260723,10,0,119,0.0
netlogo,12,20260723,11,0,119,0.0
netlogo,12,20260723,12,0,119,0.0
netlogo,12,20260723,13,0,119,0.0
netlogo,12,20260723,14,0,119,0.0
netlogo,12,20260723,15,0,119,0.0
netlogo,12,20260723,16,0,119,0.0
netlogo,12,20260723,17,0,119,0.0
netlogo,12,20260723,18,0,119,0.0
netlogo,12,20260723,19,0,119,0.0
netlogo,12,20260723,20,0,119,0.0
netlogo,12,20260723,21,0,119,0.0
netlogo,12,20260723,22,0,119,0.0
netlogo,12,20260723,23,0,119,0.0
netlogo,12,20260723,24,0,119,0.0
netlogo,12,20260723,25,0,119,0.0
netlogo,12,20260723,26,0,119,0.0
netlogo,12,20260723,27,0,119,0.0
netlogo,12,20260723,28,0,119,0.0
netlogo,12,20260723,29,0,119,0.0
netlogo,12,20260723,30,0,119,0.0
netlogo,12,20260723,31+,0,119,0.0
netlogo,13,20260724,2,84,98,0.8571428571428571
netlogo,13,20260724,3,11,98,0.11224489795918367
netlogo,13,20260724,4,2,98,0.02040816326530612
netlogo,13,20260724,5,1,98,0.01020408163265306
netlogo,13,20260724,6,0,98,0.0
netlogo,13,20260724,7,0,98,0.0
netlogo,13,20260724,8,0,98,0.0
netlogo,13,20260724,9,0,98,0.0
netlogo,13,20260724,10,0,98,0.0
netlogo,13,20260724,11,0,98,0.0
netlogo,13,20260724,12,0,98,0.0
netlogo,13,20260724,13,0,98,0.0
netlogo,13,20260724,14,0,98,0.0
netlogo,13,20260724,15,0,98,0.0
netlogo,13,20260724,16,0,98,0.0
netlogo,13,20260724,17,0,98,0.0
netlogo,13,20260724,18,0,98,0.0
netlogo,13,20260724,19,0,98,0.0
netlogo,13,20260724,20,0,98,0.0
netlogo,13,20260724,21,0,98,0.0
netlogo,13,20260724,22,0,98,0.0
netlogo,13,20260724,23,0,98,0.0
netlogo,13,20260724,24,0,98,0.0
netlogo,13,20260724,25,0,98,0.0
netlogo,13,20260724,26,0,98,0.0
netlogo,13,20260724,27,0,98,0.0
netlogo,13,20260724,28,0,98,0.0
netlogo,13,20260724,29,0,98,0.0
netlogo,13,20260724,30,0,98,0.0
netlogo,13,20260724,31+,0,98,0.0
netlogo,14,20260725,2,101,130,0.7769230769230769
netlogo,14,20260725,3,18,130,0.13846153846153847
netlogo,14,20260725,4,7,130,0.05384615384615385
netlogo,14,20260725,5,3,130,0.023076923076923078
netlogo,14,20260725,6,1,130,0.007692307692307693
netlogo,14,20260725,7,0,130,0.0
netlogo,14,20260725,8,0,130,0.0
netlogo,14,20260725,9,0,130,0.0
netlogo,14,20260725,10,0,130,0.0
netlogo,14,20260725,11,0,130,0.0
netlogo,14,20260725,12,0,130,0.0
netlogo,14,20260725,13,0,130,0.0
netlogo,14,20260725,14,0,130,0.0
netlogo,14,20260725,15,0,130,0.0
netlogo,14,20260725,16,0,130,0.0
netlogo,14,20260725,17,0,130,0.0
netlogo,14,20260725,18,0,130,0.0
netlogo,14,20260725,19,0,130,0.0
netlogo,14,20260725,20,0,130,0.0
netlogo,14,20260725,21,0,130,0.0
netlogo,14,20260725,22,0,130,0.0
netlogo,14,20260725,23,0,130,0.0
netlogo,14,20260725,24,0,130,0.0
netlogo,14,20260725,25,0,130,0.0
netlogo,14,20260725,26,0,130,0.0
netlogo,14,20260725,27,0,130,0.0
netlogo,14,20260725,28,0,130,0.0
netlogo,14,20260725,29,0,130,0.0
netlogo,14,20260725,30,0,130,0.0
netlogo,14,20260725,31+,0,130,0.0
netlogo,15,20260726,2,113,135,0.837037037037037
netlogo,15,20260726,3,13,135,0.0962962962962963
netlogo,15,20260726,4,5,135,0.037037037037037035
netlogo,15,20260726,5,0,135,0.0
netlogo,15,20260726,6,2,135,0.014814814814814815
netlogo,15,20260726,7,2,135,0.014814814814814815
netlogo,15,20260726,8,0,135,0.0
netlogo,15,20260726,9,0,135,0.0
netlogo,15,20260726,10,0,135,0.0
netlogo,15,20260726,11,0,135,0.0
netlogo,15,20260726,12,0,135,0.0
netlogo,15,20260726,13,0,135,0.0
netlogo,15,20260726,14,0,135,0.0
netlogo,15,20260726,15,0,135,0.0
netlogo,15,20260726,16,0,135,0.0
netlogo,15,20260726,17,0,135,0.0
netlogo,15,20260726,18,0,135,0.0
netlogo,15,20260726,19,0,135,0.0
netlogo,15,20260726,20,0,135,0.0
netlogo,15,20260726,21,0,135,0.0
netlogo,15,20260726,22,0,135,0.0
netlogo,15,20260726,23,0,135,0.0
netlogo,15,20260726,24,0,135,0.0
netlogo,15,20260726,25,0,135,0.0
netlogo,15,20260726,26,0,135,0.0
netlogo,15,20260726,27,0,135,0.0
netlogo,15,20260726,28,0,135,0.0
netlogo,15,20260726,29,0,135,0.0
netlogo,15,20260726,30,0,135,0.0
netlogo,15,20260726,31+,0,135,0.0
netlogo,16,20260727,2,101,131,0.7709923664122137
netlogo,16,20260727,3,19,131,0.1450381679389313
netlogo,16,20260727,4,8,131,0.061068702290076333
netlogo,16,20260727,5,2,131,0.015267175572519083
netlogo,16,20260727,6,0,131,0.0
netlogo,16,20260727,7,0,131,0.0
netlogo,16,20260727,8,0,131,0.0
netlogo,16,20260727,9,0,131,0.0
netlogo,16,20260727,10,0,131,0.0
netlogo,16,20260727,11,1,131,0.007633587786259542
netlogo,16,20260727,12,0,131,0.0
netlogo,16,20260727,13,0,131,0.0
netlogo,16,20260727,14,0,131,0.0
netlogo,16,20260727,15,0,131,0.0
netlogo,16,20260727,16,0,131,0.0
netlogo,16,20260727,17,0,131,0.0
netlogo,16,20260727,18,0,131,0.0
netlogo,16,20260727,19,0,131,0.0
netlogo,16,20260727,20,0,131,0.0
netlogo,16,20260727,21,0,131,0.0
netlogo,16,20260727,22,0,131,0.0
netlogo,16,20260727,23,0,131,0.0
netlogo,16,20260727,24,0,131,0.0
netlogo,16,20260727,25,0,131,0.0
netlogo,16,20260727,26,0,131,0.0
netlogo,16,20260727,27,0,131,0.0
netlogo,16,20260727,28,0,131,0.0
netlogo,16,20260727,29,0,131,0.0
netlogo,16,20260727,30,0,131,0.0
netlogo,16,20260727,31+,0,131,0.0
netlogo,17,20260728,2,98,125,0.784
netlogo,17,20260728,3,16,125,0.128
netlogo,17,20260728,4,6,125,0.048
netlogo,17,20260728,5,2,125,0.016
netlogo,17,20260728,6,2,125,0.016
netlogo,17,20260728,7,0,125,0.0
netlogo,17,20260728,8,0,125,0.0
netlogo,17,20260728,9,0,125,0.0
netlogo,17,20260728,10,0,125,0.0
netlogo,17,20260728,11,0,125,0.0
netlogo,17,20260728,12,0,125,0.0
netlogo,17,20260728,13,1,125,0.008
netlogo,17,20260728,14,0,125,0.0
netlogo,17,20260728,15,0,125,0.0
netlogo,17,20260728,16,0,125,0.0
netlogo,17,20260728,17,0,125,0.0
netlogo,17,20260728,18,0,125,0.0
netlogo,17,20260728,19,0,125,0.0
netlogo,17,20260728,20,0,125,0.0
netlogo,17,20260728,21,0,125,0.0
netlogo,17,20260728,22,0,125,0.0
netlogo,17,20260728,23,0,125,0.0
netlogo,17,20260728,24,0,125,0.0
netlogo,17,20260728,25,0,125,0.0
netlogo,17,20260728,26,0,125,0.0
netlogo,17,20260728,27,0,125,0.0
netlogo,17,20260728,28,0,125,0.0
netlogo,17,20260728,29,0,125,0.0
netlogo,17,20260728,30,0,125,0.0
netlogo,17,20260728,31+,0,125,0.0
netlogo,18,20260729,2,117,143,0.8181818181818182
netlogo,18,20260729,3,21,143,0.14685314685314685
netlogo,18,20260729,4,1,143,0.006993006993006993
netlogo,18,20260729,5,2,143,0.013986013986013986
netlogo,18,20260729,6,0,143,0.0
netlogo,18,20260729,7,1,143,0.006993006993006993
netlogo,18,20260729,8,0,143,0.0
netlogo,18,20260729,9,0,143,0.0
netlogo,18,20260729,10,1,143,0.006993006993006993
netlogo,18,20260729,11,0,143,0.0
netlogo,18,20260729,12,0,143,0.0
netlogo,18,20260729,13,0,143,0.0
netlogo,18,20260729,14,0,143,0.0
netlogo,18,20260729,15,0,143,0.0
netlogo,18,20260729,16,0,143,0.0
netlogo,18,20260729,17,0,143,0.0
netlogo,18,20260729,18,0,143,0.0
netlogo,18,20260729,19,0,143,0.0
netlogo,18,20260729,20,0,143,0.0
netlogo,18,20260729,21,0,143,0.0
netlogo,18,20260729,22,0,143,0.0
netlogo,18,20260729,23,0,143,0.0
netlogo,18,20260729,24,0,143,0.0
netlogo,18,20260729,25,0,143,0.0
netlogo,18,20260729,26,0,143,0.0
netlogo,18,20260729,27,0,143,0.0
netlogo,18,20260729,28,0,143,0.0
netlogo,18,20260729,29,0,143,0.0
netlogo,18,20260729,30,0,143,0.0
netlogo,18,20260729,31+,0,143,0.0
netlogo,19,20260730,2,92,102,0.9019607843137255
netlogo,19,20260730,3,8,102,0.0784313725490196
netlogo,19,20260730,4,1,102,0.00980392156862745
netlogo,19,20260730,5,1,102,0.00980392156862745
netlogo,19,20260730,6,0,102,0.0
netlogo,19,20260730,7,0,102,0.0
netlogo,19,20260730,8,0,102,0.0
netlogo,19,20260730,9,0,102,0.0
netlogo,19,20260730,10,0,102,0.0
netlogo,19,20260730,11,0,102,0.0
netlogo,19,20260730,12,0,102,0.0
netlogo,19,20260730,13,0,102,0.0
netlogo,19,20260730,14,0,102,0.0
netlogo,19,20260730,15,0,102,0.0
netlogo,19,20260730,16,0,102,0.0
netlogo,19,20260730,17,0,102,0.0
netlogo,19,20260730,18,0,102,0.0
netlogo,19,20260730,19,0,102,0.0
netlogo,19,20260730,20,0,102,0.0
netlogo,19,20260730,21,0,102,0.0
netlogo,19,20260730,22,0,102,0.0
netlogo,19,20260730,23,0,102,0.0
netlogo,19,20260730,24,0,102,0.0
netlogo,19,20260730,25,0,102,0.0
netlogo,19,20260730,26,0,102,0.0
netlogo,19,20260730,27,0,102,0.0
netlogo,19,20260730,28,0,102,0.0
netlogo,19,20260730,29,0,102,0.0
netlogo,19,20260730,30,0,102,0.0
netlogo,19,20260730,31+,0,102,0.0
netlogo,20,20260731,2,99,116,0.853448275862069
netlogo,20,20260731,3,15,116,0.12931034482758622
netlogo,20,20260731,4,1,116,0.008620689655172414
netlogo,20,20260731,5,0,116,0.0
netlogo,20,20260731,6,0,116,0.0
netlogo,20,20260731,7,0,116,0.0
netlogo,20,20260731,8,0,116,0.0
netlogo,20,20260731,9,1,116,0.008620689655172414
netlogo,20,20260731,10,0,116,0.0
netlogo,20,20260731,11,0,116,0.0
netlogo,20,20260731,12,0,116,0.0
netlogo,20,20260731,13,0,116,0.0
netlogo,20,20260731,14,0,116,0.0
netlogo,20,20260731,15,0,116,0.0
netlogo,20,20260731,16,0,116,0.0
netlogo,20,20260731,17,0,116,0.0
netlogo,20,20260731,18,0,116,0.0
netlogo,20,20260731,19,0,116,0.0
netlogo,20,20260731,20,0,116,0.0
netlogo,20,20260731,21,0,116,0.0
netlogo,20,20260731,22,0,116,0.0
netlogo,20,20260731,23,0,116,0.0
netlogo,20,20260731,24,0,116,0.0
netlogo,20,20260731,25,0,116,0.0
netlogo,20,20260731,26,0,116,0.0
netlogo,20,20260731,27,0,116,0.0
netlogo,20,20260731,28,0,116,0.0
netlogo,20,20260731,29,0,116,0.0
netlogo,20,20260731,30,0,116,0.0
netlogo,20,20260731,31+,0,116,0.0
netlogo,21,20260732,2,109,132,0.8257575757575758
netlogo,21,20260732,3,16,132,0.12121212121212122
netlogo,21,20260732,4,6,132,0.045454545454545456
netlogo,21,20260732,5,0,132,0.0
netlogo,21,20260732,6,0,132,0.0
netlogo,21,20260732,7,0,132,0.0
netlogo,21,20260732,8,1,132,0.007575757575757576
netlogo,21,20260732,9,0,132,0.0
netlogo,21,20260732,10,0,132,0.0
netlogo,21,20260732,11,0,132,0.0
netlogo,21,20260732,12,0,132,0.0
netlogo,21,20260732,13,0,132,0.0
netlogo,21,20260732,14,0,132,0.0
netlogo,21,20260732,15,0,132,0.0
netlogo,21,20260732,16,0,132,0.0
netlogo,21,20260732,17,0,132,0.0
netlogo,21,20260732,18,0,132,0.0
netlogo,21,20260732,19,0,132,0.0
netlogo,21,20260732,20,0,132,0.0
netlogo,21,20260732,21,0,132,0.0
netlogo,21,20260732,22,0,132,0.0
netlogo,21,20260732,23,0,132,0.0
netlogo,21,20260732,24,0,132,0.0
netlogo,21,20260732,25,0,132,0.0
netlogo,21,20260732,26,0,132,0.0
netlogo,21,20260732,27,0,132,0.0
netlogo,21,20260732,28,0,132,0.0
netlogo,21,20260732,29,0,132,0.0
netlogo,21,20260732,30,0,132,0.0
netlogo,21,20260732,31+,0,132,0.0
netlogo,22,20260733,2,108,123,0.8780487804878049
netlogo,22,20260733,3,10,123,0.08130081300813008
netlogo,22,20260733,4,4,123,0.032520325203252036
netlogo,22,20260733,5,0,123,0.0
netlogo,22,20260733,6,1,123,0.008130081300813009
netlogo,22,20260733,7,0,123,0.0
netlogo,22,20260733,8,0,123,0.0
netlogo,22,20260733,9,0,123,0.0
netlogo,22,20260733,10,0,123,0.0
netlogo,22,20260733,11,0,123,0.0
netlogo,22,20260733,12,0,123,0.0
netlogo,22,20260733,13,0,123,0.0
netlogo,22,20260733,14,0,123,0.0
netlogo,22,20260733,15,0,123,0.0
netlogo,22,20260733,16,0,123,0.0
netlogo,22,20260733,17,0,123,0.0
netlogo,22,20260733,18,0,123,0.0
netlogo,22,20260733,19,0,123,0.0
netlogo,22,20260733,20,0,123,0.0
netlogo,22,20260733,21,0,123,0.0
netlogo,22,20260733,22,0,123,0.0
netlogo,22,20260733,23,0,123,0.0
netlogo,22,20260733,24,0,123,0.0
netlogo,22,20260733,25,0,123,0.0
netlogo,22,20260733,26,0,123,0.0
netlogo,22,20260733,27,0,123,0.0
netlogo,22,20260733,28,0,123,0.0
netlogo,22,20260733,29,0,123,0.0
netlogo,22,20260733,30,0,123,0.0
netlogo,22,20260733,31+,0,123,0.0
netlogo,23,20260734,2,97,107,0.9065420560747663
netlogo,23,20260734,3,8,107,0.07476635514018691
netlogo,23,20260734,4,2,107,0.018691588785046728
netlogo,23,20260734,5,0,107,0.0
netlogo,23,20260734,6,0,107,0.0
netlogo,23,20260734,7,0,107,0.0
netlogo,23,20260734,8,0,107,0.0
netlogo,23,20260734,9,0,107,0.0
netlogo,23,20260734,10,0,107,0.0
netlogo,23,20260734,11,0,107,0.0
netlogo,23,20260734,12,0,107,0.0
netlogo,23,20260734,13,0,107,0.0
netlogo,23,20260734,14,0,107,0.0
netlogo,23,20260734,15,0,107,0.0
netlogo,23,20260734,16,0,107,0.0
netlogo,23,20260734,17,0,107,0.0
netlogo,23,20260734,18,0,107,0.0
netlogo,23,20260734,19,0,107,0.0
netlogo,23,20260734,20,0,107,0.0
netlogo,23,20260734,21,0,107,0.0
netlogo,23,20260734,22,0,107,0.0
netlogo,23,20260734,23,0,107,0.0
netlogo,23,20260734,24,0,107,0.0
netlogo,23,20260734,25,0,107,0.0
netlogo,23,20260734,26,0,107,0.0
netlogo,23,20260734,27,0,107,0.0
netlogo,23,20260734,28,0,107,0.0
netlogo,23,20260734,29,0,107,0.0
netlogo,23,20260734,30,0,107,0.0
netlogo,23,20260734,31+,0,107,0.0
netlogo,24,20260735,2,110,145,0.7586206896551724
netlogo,24,20260735,3,20,145,0.13793103448275862
netlogo,24,20260735,4,8,145,0.05517241379310345
netlogo,24,20260735,5,3,145,0.020689655172413793
netlogo,24,20260735,6,2,145,0.013793103448275862
netlogo,24,20260735,7,1,145,0.006896551724137931
netlogo,24,20260735,8,1,145,0.006896551724137931
netlogo,24,20260735,9,0,145,0.0
netlogo,24,20260735,10,0,145,0.0
netlogo,24,20260735,11,0,145,0.0
netlogo,24,20260735,12,0,145,0.0
netlogo,24,20260735,13,0,145,0.0
netlogo,24,20260735,14,0,145,0.0
netlogo,24,20260735,15,0,145,0.0
netlogo,24,20260735,16,0,145,0.0
netlogo,24,20260735,17,0,145,0.0
netlogo,24,20260735,18,0,145,0.0
netlogo,24,20260735,19,0,145,0.0
netlogo,24,20260735,20,0,145,0.0
netlogo,24,20260735,21,0,145,0.0
netlogo,24,20260735,22,0,145,0.0
netlogo,24,20260735,23,0,145,0.0
netlogo,24,20260735,24,0,145,0.0
netlogo,24,20260735,25,0,145,0.0
netlogo,24,20260735,26,0,145,0.0
netlogo,24,20260735,27,0,145,0.0
netlogo,24,20260735,28,0,145,0.0
netlogo,24,20260735,29,0,145,0.0
netlogo,24,20260735,30,0,145,0.0
netlogo,24,20260735,31+,0,145,0.0
netlogo,25,20260736,2,107,139,0.7697841726618705
netlogo,25,20260736,3,23,139,0.16546762589928057
netlogo,25,20260736,4,6,139,0.04316546762589928
netlogo,25,20260736,5,3,139,0.02158273381294964
netlogo,25,20260736,6,0,139,0.0
netlogo,25,20260736,7,0,139,0.0
netlogo,25,20260736,8,0,139,0.0
netlogo,25,20260736,9,0,139,0.0
netlogo,25,20260736,10,0,139,0.0
netlogo,25,20260736,11,0,139,0.0
netlogo,25,20260736,12,0,139,0.0
netlogo,25,20260736,13,0,139,0.0
netlogo,25,20260736,14,0,139,0.0
netlogo,25,20260736,15,0,139,0.0
netlogo,25,20260736,16,0,139,0.0
netlogo,25,20260736,17,0,139,0.0
netlogo,25,20260736,18,0,139,0.0
netlogo,25,20260736,19,0,139,0.0
netlogo,25,20260736,20,0,139,0.0
netlogo,25,20260736,21,0,139,0.0
netlogo,25,20260736,22,0,139,0.0
netlogo,25,20260736,23,0,139,0.0
netlogo,25,20260736,24,0,139,0.0
netlogo,25,20260736,25,0,139,0.0
netlogo,25,20260736,26,0,139,0.0
netlogo,25,20260736,27,0,139,0.0
netlogo,25,20260736,28,0,139,0.0
netlogo,25,20260736,29,0,139,0.0
netlogo,25,20260736,30,0,139,0.0
netlogo,25,20260736,31+,0,139,0.0
netlogo,26,20260737,2,110,119,0.9243697478991597
netlogo,26,20260737,3,9,119,0.07563025210084033
netlogo,26,20260737,4,0,119,0.0
netlogo,26,20260737,5,0,119,0.0
netlogo,26,20260737,6,0,119,0.0
netlogo,26,20260737,7,0,119,0.0
netlogo,26,20260737,8,0,119,0.0
netlogo,26,20260737,9,0,119,0.0
netlogo,26,20260737,10,0,119,0.0
netlogo,26,20260737,11,0,119,0.0
netlogo,26,20260737,12,0,119,0.0
netlogo,26,20260737,13,0,119,0.0
netlogo,26,20260737,14,0,119,0.0
netlogo,26,20260737,15,0,119,0.0
netlogo,26,20260737,16,0,119,0.0
netlogo,26,20260737,17,0,119,0.0
netlogo,26,20260737,18,0,119,0.0
netlogo,26,20260737,19,0,119,0.0
netlogo,26,20260737,20,0,119,0.0
netlogo,26,20260737,21,0,119,0.0
netlogo,26,20260737,22,0,119,0.0
netlogo,26,20260737,23,0,119,0.0
netlogo,26,20260737,24,0,119,0.0
netlogo,26,20260737,25,0,119,0.0
netlogo,26,20260737,26,0,119,0.0
netlogo,26,20260737,27,0,119,0.0
netlogo,26,20260737,28,0,119,0.0
netlogo,26,20260737,29,0,119,0.0
netlogo,26,20260737,30,0,119,0.0
netlogo,26,20260737,31+,0,119,0.0
netlogo,27,20260738,2,128,144,0.8888888888888888
netlogo,27,20260738,3,11,144,0.0763888888888889
netlogo,27,20260738,4,4,144,0.027777777777777776
netlogo,27,20260738,5,1,144,0.006944444444444444
netlogo,27,20260738,6,0,144,0.0
netlogo,27,20260738,7,0,144,0.0
netlogo,27,20260738,8,0,144,0.0
netlogo,27,20260738,9,0,144,0.0
netlogo,27,20260738,10,0,144,0.0
netlogo,27,20260738,11,0,144,0.0
netlogo,27,20260738,12,0,144,0.0
netlogo,27,20260738,13,0,144,0.0
netlogo,27,20260738,14,0,144,0.0
netlogo,27,20260738,15,0,144,0.0
netlogo,27,20260738,16,0,144,0.0
netlogo,27,20260738,17,0,144,0.0
netlogo,27,20260738,18,0,144,0.0
netlogo,27,20260738,19,0,144,0.0
netlogo,27,20260738,20,0,144,0.0
netlogo,27,20260738,21,0,144,0.0
netlogo,27,20260738,22,0,144,0.0
netlogo,27,20260738,23,0,144,0.0
netlogo,27,20260738,24,0,144,0.0
netlogo,27,20260738,25,0,144,0.0
netlogo,27,20260738,26,0,144,0.0
netlogo,27,20260738,27,0,144,0.0
netlogo,27,20260738,28,0,144,0.0
netlogo,27,20260738,29,0,144,0.0
netlogo,27,20260738,30,0,144,0.0
netlogo,27,20260738,31+,0,144,0.0
netlogo,28,20260739,2,100,136,0.7352941176470589
netlogo,28,20260739,3,25,136,0.18382352941176472
netlogo,28,20260739,4,5,136,0.03676470588235294
netlogo,28,20260739,5,5,136,0.03676470588235294
netlogo,28,20260739,6,0,136,0.0
netlogo,28,20260739,7,0,136,0.0
netlogo,28,20260739,8,1,136,0.007352941176470588
netlogo,28,20260739,9,0,136,0.0
netlogo,28,20260739,10,0,136,0.0
netlogo,28,20260739,11,0,136,0.0
netlogo,28,20260739,12,0,136,0.0
netlogo,28,20260739,13,0,136,0.0
netlogo,28,20260739,14,0,136,0.0
netlogo,28,20260739,15,0,136,0.0
netlogo,28,20260739,16,0,136,0.0
netlogo,28,20260739,17,0,136,0.0
netlogo,28,20260739,18,0,136,0.0
netlogo,28,20260739,19,0,136,0.0
netlogo,28,20260739,20,0,136,0.0
netlogo,28,20260739,21,0,136,0.0
netlogo,28,20260739,22,0,136,0.0
netlogo,28,20260739,23,0,136,0.0
netlogo,28,20260739,24,0,136,0.0
netlogo,28,20260739,25,0,136,0.0
netlogo,28,20260739,26,0,136,0.0
netlogo,28,20260739,27,0,136,0.0
netlogo,28,20260739,28,0,136,0.0
netlogo,28,20260739,29,0,136,0.0
netlogo,28,20260739,30,0,136,0.0
netlogo,28,20260739,31+,0,136,0.0
netlogo,29,20260740,2,99,108,0.9166666666666666
netlogo,29,20260740,3,8,108,0.07407407407407407
netlogo,29,20260740,4,1,108,0.009259259259259259
netlogo,29,20260740,5,0,108,0.0
netlogo,29,20260740,6,0,108,0.0
netlogo,29,20260740,7,0,108,0.0
netlogo,29,20260740,8,0,108,0.0
netlogo,29,20260740,9,0,108,0.0
netlogo,29,20260740,10,0,108,0.0
netlogo,29,20260740,11,0,108,0.0
netlogo,29,20260740,12,0,108,0.0
netlogo,29,20260740,13,0,108,0.0
netlogo,29,20260740,14,0,108,0.0
netlogo,29,20260740,15,0,108,0.0
netlogo,29,20260740,16,0,108,0.0
netlogo,29,20260740,17,0,108,0.0
netlogo,29,20260740,18,0,108,0.0
netlogo,29,20260740,19,0,108,0.0
netlogo,29,20260740,20,0,108,0.0
netlogo,29,20260740,21,0,108,0.0
netlogo,29,20260740,22,0,108,0.0
netlogo,29,20260740,23,0,108,0.0
netlogo,29,20260740,24,0,108,0.0
netlogo,29,20260740,25,0,108,0.0
netlogo,29,20260740,26,0,108,0.0
netlogo,29,20260740,27,0,108,0.0
netlogo,29,20260740,28,0,108,0.0
netlogo,29,20260740,29,0,108,0.0
netlogo,29,20260740,30,0,108,0.0
netlogo,29,20260740,31+,0,108,0.0
netlogo,30,20260741,2,91,101,0.900990099009901
netlogo,30,20260741,3,7,101,0.06930693069306931
netlogo,30,20260741,4,2,101,0.019801980198019802
netlogo,30,20260741,5,1,101,0.009900990099009901
netlogo,30,20260741,6,0,101,0.0
netlogo,30,20260741,7,0,101,0.0
netlogo,30,20260741,8,0,101,0.0
netlogo,30,20260741,9,0,101,0.0
netlogo,30,20260741,10,0,101,0.0
netlogo,30,20260741,11,0,101,0.0
netlogo,30,20260741,12,0,101,0.0
netlogo,30,20260741,13,0,101,0.0
netlogo,30,20260741,14,0,101,0.0
netlogo,30,20260741,15,0,101,0.0
netlogo,30,20260741,16,0,101,0.0
netlogo,30,20260741,17,0,101,0.0
netlogo,30,20260741,18,0,101,0.0
netlogo,30,20260741,19,0,101,0.0
netlogo,30,20260741,20,0,101,0.0
netlogo,30,20260741,21,0,101,0.0
netlogo,30,20260741,22,0,101,0.0
netlogo,30,20260741,23,0,101,0.0
netlogo,30,20260741,24,0,101,0.0
netlogo,30,20260741,25,0,101,0.0
netlogo,30,20260741,26,0,101,0.0
netlogo,30,20260741,27,0,101,0.0
netlogo,30,20260741,28,0,101,0.0
netlogo,30,20260741,29,0,101,0.0
netlogo,30,20260741,30,0,101,0.0
netlogo,30,20260741,31+,0,101,0.0
mesa,1,6512902294699416937,2,98,124,0.7903225806451613
mesa,1,6512902294699416937,3,17,124,0.13709677419354838
mesa,1,6512902294699416937,4,6,124,0.04838709677419355
mesa,1,6512902294699416937,5,1,124,0.008064516129032258
mesa,1,6512902294699416937,6,2,124,0.016129032258064516
mesa,1,6512902294699416937,7,0,124,0.0
mesa,1,6512902294699416937,8,0,124,0.0
mesa,1,6512902294699416937,9,0,124,0.0
mesa,1,6512902294699416937,10,0,124,0.0
mesa,1,6512902294699416937,11,0,124,0.0
mesa,1,6512902294699416937,12,0,124,0.0
mesa,1,6512902294699416937,13,0,124,0.0
mesa,1,6512902294699416937,14,0,124,0.0
mesa,1,6512902294699416937,15,0,124,0.0
mesa,1,6512902294699416937,16,0,124,0.0
mesa,1,6512902294699416937,17,0,124,0.0
mesa,1,6512902294699416937,18,0,124,0.0
mesa,1,6512902294699416937,19,0,124,0.0
mesa,1,6512902294699416937,20,0,124,0.0
mesa,1,6512902294699416937,21,0,124,0.0
mesa,1,6512902294699416937,22,0,124,0.0
mesa,1,6512902294699416937,23,0,124,0.0
mesa,1,6512902294699416937,24,0,124,0.0
mesa,1,6512902294699416937,25,0,124,0.0
mesa,1,6512902294699416937,26,0,124,0.0
mesa,1,6512902294699416937,27,0,124,0.0
mesa,1,6512902294699416937,28,0,124,0.0
mesa,1,6512902294699416937,29,0,124,0.0
mesa,1,6512902294699416937,30,0,124,0.0
mesa,1,6512902294699416937,31+,0,124,0.0
mesa,2,7231377022304299890,2,116,131,0.8854961832061069
mesa,2,7231377022304299890,3,7,131,0.05343511450381679
mesa,2,7231377022304299890,4,5,131,0.03816793893129771
mesa,2,7231377022304299890,5,1,131,0.007633587786259542
mesa,2,7231377022304299890,6,1,131,0.007633587786259542
mesa,2,7231377022304299890,7,0,131,0.0
mesa,2,7231377022304299890,8,0,131,0.0
mesa,2,7231377022304299890,9,0,131,0.0
mesa,2,7231377022304299890,10,0,131,0.0
mesa,2,7231377022304299890,11,0,131,0.0
mesa,2,7231377022304299890,12,1,131,0.007633587786259542
mesa,2,7231377022304299890,13,0,131,0.0
mesa,2,7231377022304299890,14,0,131,0.0
mesa,2,7231377022304299890,15,0,131,0.0
mesa,2,7231377022304299890,16,0,131,0.0
mesa,2,7231377022304299890,17,0,131,0.0
mesa,2,7231377022304299890,18,0,131,0.0
mesa,2,7231377022304299890,19,0,131,0.0
mesa,2,7231377022304299890,20,0,131,0.0
mesa,2,7231377022304299890,21,0,131,0.0
mesa,2,7231377022304299890,22,0,131,0.0
mesa,2,7231377022304299890,23,0,131,0.0
mesa,2,7231377022304299890,24,0,131,0.0
mesa,2,7231377022304299890,25,0,131,0.0
mesa,2,7231377022304299890,26,0,131,0.0
mesa,2,7231377022304299890,27,0,131,0.0
mesa,2,7231377022304299890,28,0,131,0.0
mesa,2,7231377022304299890,29,0,131,0.0
mesa,2,7231377022304299890,30,0,131,0.0
mesa,2,7231377022304299890,31+,0,131,0.0
mesa,3,4786558760875221914,2,102,126,0.8095238095238095
mesa,3,4786558760875221914,3,21,126,0.16666666666666666
mesa,3,4786558760875221914,4,3,126,0.023809523809523808
mesa,3,4786558760875221914,5,0,126,0.0
mesa,3,4786558760875221914,6,0,126,0.0
mesa,3,4786558760875221914,7,0,126,0.0
mesa,3,4786558760875221914,8,0,126,0.0
mesa,3,4786558760875221914,9,0,126,0.0
mesa,3,4786558760875221914,10,0,126,0.0
mesa,3,4786558760875221914,11,0,126,0.0
mesa,3,4786558760875221914,12,0,126,0.0
mesa,3,4786558760875221914,13,0,126,0.0
mesa,3,4786558760875221914,14,0,126,0.0
mesa,3,4786558760875221914,15,0,126,0.0
mesa,3,4786558760875221914,16,0,126,0.0
mesa,3,4786558760875221914,17,0,126,0.0
mesa,3,4786558760875221914,18,0,126,0.0
mesa,3,4786558760875221914,19,0,126,0.0
mesa,3,4786558760875221914,20,0,126,0.0
mesa,3,4786558760875221914,21,0,126,0.0
mesa,3,4786558760875221914,22,0,126,0.0
mesa,3,4786558760875221914,23,0,126,0.0
mesa,3,4786558760875221914,24,0,126,0.0
mesa,3,4786558760875221914,25,0,126,0.0
mesa,3,4786558760875221914,26,0,126,0.0
mesa,3,4786558760875221914,27,0,126,0.0
mesa,3,4786558760875221914,28,0,126,0.0
mesa,3,4786558760875221914,29,0,126,0.0
mesa,3,4786558760875221914,30,0,126,0.0
mesa,3,4786558760875221914,31+,0,126,0.0
mesa,4,7078651828599247398,2,93,118,0.788135593220339
mesa,4,7078651828599247398,3,19,118,0.16101694915254236
mesa,4,7078651828599247398,4,3,118,0.025423728813559324
mesa,4,7078651828599247398,5,2,118,0.01694915254237288
mesa,4,7078651828599247398,6,0,118,0.0
mesa,4,7078651828599247398,7,1,118,0.00847457627118644
mesa,4,7078651828599247398,8,0,118,0.0
mesa,4,7078651828599247398,9,0,118,0.0
mesa,4,7078651828599247398,10,0,118,0.0
mesa,4,7078651828599247398,11,0,118,0.0
mesa,4,7078651828599247398,12,0,118,0.0
mesa,4,7078651828599247398,13,0,118,0.0
mesa,4,7078651828599247398,14,0,118,0.0
mesa,4,7078651828599247398,15,0,118,0.0
mesa,4,7078651828599247398,16,0,118,0.0
mesa,4,7078651828599247398,17,0,118,0.0
mesa,4,7078651828599247398,18,0,118,0.0
mesa,4,7078651828599247398,19,0,118,0.0
mesa,4,7078651828599247398,20,0,118,0.0
mesa,4,7078651828599247398,21,0,118,0.0
mesa,4,7078651828599247398,22,0,118,0.0
mesa,4,7078651828599247398,23,0,118,0.0
mesa,4,7078651828599247398,24,0,118,0.0
mesa,4,7078651828599247398,25,0,118,0.0
mesa,4,7078651828599247398,26,0,118,0.0
mesa,4,7078651828599247398,27,0,118,0.0
mesa,4,7078651828599247398,28,0,118,0.0
mesa,4,7078651828599247398,29,0,118,0.0
mesa,4,7078651828599247398,30,0,118,0.0
mesa,4,7078651828599247398,31+,0,118,0.0
mesa,5,2865044097428016345,2,110,138,0.7971014492753623
mesa,5,2865044097428016345,3,16,138,0.11594202898550725
mesa,5,2865044097428016345,4,7,138,0.050724637681159424
mesa,5,2865044097428016345,5,3,138,0.021739130434782608
mesa,5,2865044097428016345,6,0,138,0.0
mesa,5,2865044097428016345,7,1,138,0.007246376811594203
mesa,5,2865044097428016345,8,0,138,0.0
mesa,5,2865044097428016345,9,1,138,0.007246376811594203
mesa,5,2865044097428016345,10,0,138,0.0
mesa,5,2865044097428016345,11,0,138,0.0
mesa,5,2865044097428016345,12,0,138,0.0
mesa,5,2865044097428016345,13,0,138,0.0
mesa,5,2865044097428016345,14,0,138,0.0
mesa,5,2865044097428016345,15,0,138,0.0
mesa,5,2865044097428016345,16,0,138,0.0
mesa,5,2865044097428016345,17,0,138,0.0
mesa,5,2865044097428016345,18,0,138,0.0
mesa,5,2865044097428016345,19,0,138,0.0
mesa,5,2865044097428016345,20,0,138,0.0
mesa,5,2865044097428016345,21,0,138,0.0
mesa,5,2865044097428016345,22,0,138,0.0
mesa,5,2865044097428016345,23,0,138,0.0
mesa,5,2865044097428016345,24,0,138,0.0
mesa,5,2865044097428016345,25,0,138,0.0
mesa,5,2865044097428016345,26,0,138,0.0
mesa,5,2865044097428016345,27,0,138,0.0
mesa,5,2865044097428016345,28,0,138,0.0
mesa,5,2865044097428016345,29,0,138,0.0
mesa,5,2865044097428016345,30,0,138,0.0
mesa,5,2865044097428016345,31+,0,138,0.0
mesa,6,8651792460407218879,2,91,132,0.6893939393939394
mesa,6,8651792460407218879,3,25,132,0.1893939393939394
mesa,6,8651792460407218879,4,10,132,0.07575757575757576
mesa,6,8651792460407218879,5,1,132,0.007575757575757576
mesa,6,8651792460407218879,6,1,132,0.007575757575757576
mesa,6,8651792460407218879,7,2,132,0.015151515151515152
mesa,6,8651792460407218879,8,1,132,0.007575757575757576
mesa,6,8651792460407218879,9,0,132,0.0
mesa,6,8651792460407218879,10,1,132,0.007575757575757576
mesa,6,8651792460407218879,11,0,132,0.0
mesa,6,8651792460407218879,12,0,132,0.0
mesa,6,8651792460407218879,13,0,132,0.0
mesa,6,8651792460407218879,14,0,132,0.0
mesa,6,8651792460407218879,15,0,132,0.0
mesa,6,8651792460407218879,16,0,132,0.0
mesa,6,8651792460407218879,17,0,132,0.0
mesa,6,8651792460407218879,18,0,132,0.0
mesa,6,8651792460407218879,19,0,132,0.0
mesa,6,8651792460407218879,20,0,132,0.0
mesa,6,8651792460407218879,21,0,132,0.0
mesa,6,8651792460407218879,22,0,132,0.0
mesa,6,8651792460407218879,23,0,132,0.0
mesa,6,8651792460407218879,24,0,132,0.0
mesa,6,8651792460407218879,25,0,132,0.0
mesa,6,8651792460407218879,26,0,132,0.0
mesa,6,8651792460407218879,27,0,132,0.0
mesa,6,8651792460407218879,28,0,132,0.0
mesa,6,8651792460407218879,29,0,132,0.0
mesa,6,8651792460407218879,30,0,132,0.0
mesa,6,8651792460407218879,31+,0,132,0.0
mesa,7,4798352960778975599,2,116,149,0.7785234899328859
mesa,7,4798352960778975599,3,23,149,0.15436241610738255
mesa,7,4798352960778975599,4,4,149,0.026845637583892617
mesa,7,4798352960778975599,5,5,149,0.03355704697986577
mesa,7,4798352960778975599,6,0,149,0.0
mesa,7,4798352960778975599,7,0,149,0.0
mesa,7,4798352960778975599,8,1,149,0.006711409395973154
mesa,7,4798352960778975599,9,0,149,0.0
mesa,7,4798352960778975599,10,0,149,0.0
mesa,7,4798352960778975599,11,0,149,0.0
mesa,7,4798352960778975599,12,0,149,0.0
mesa,7,4798352960778975599,13,0,149,0.0
mesa,7,4798352960778975599,14,0,149,0.0
mesa,7,4798352960778975599,15,0,149,0.0
mesa,7,4798352960778975599,16,0,149,0.0
mesa,7,4798352960778975599,17,0,149,0.0
mesa,7,4798352960778975599,18,0,149,0.0
mesa,7,4798352960778975599,19,0,149,0.0
mesa,7,4798352960778975599,20,0,149,0.0
mesa,7,4798352960778975599,21,0,149,0.0
mesa,7,4798352960778975599,22,0,149,0.0
mesa,7,4798352960778975599,23,0,149,0.0
mesa,7,4798352960778975599,24,0,149,0.0
mesa,7,4798352960778975599,25,0,149,0.0
mesa,7,4798352960778975599,26,0,149,0.0
mesa,7,4798352960778975599,27,0,149,0.0
mesa,7,4798352960778975599,28,0,149,0.0
mesa,7,4798352960778975599,29,0,149,0.0
mesa,7,4798352960778975599,30,0,149,0.0
mesa,7,4798352960778975599,31+,0,149,0.0
mesa,8,2870170757112160405,2,84,121,0.6942148760330579
mesa,8,2870170757112160405,3,23,121,0.19008264462809918
mesa,8,2870170757112160405,4,11,121,0.09090909090909091
mesa,8,2870170757112160405,5,1,121,0.008264462809917356
mesa,8,2870170757112160405,6,1,121,0.008264462809917356
mesa,8,2870170757112160405,7,0,121,0.0
mesa,8,2870170757112160405,8,0,121,0.0
mesa,8,2870170757112160405,9,0,121,0.0
mesa,8,2870170757112160405,10,0,121,0.0
mesa,8,2870170757112160405,11,0,121,0.0
mesa,8,2870170757112160405,12,1,121,0.008264462809917356
mesa,8,2870170757112160405,13,0,121,0.0
mesa,8,2870170757112160405,14,0,121,0.0
mesa,8,2870170757112160405,15,0,121,0.0
mesa,8,2870170757112160405,16,0,121,0.0
mesa,8,2870170757112160405,17,0,121,0.0
mesa,8,2870170757112160405,18,0,121,0.0
mesa,8,2870170757112160405,19,0,121,0.0
mesa,8,2870170757112160405,20,0,121,0.0
mesa,8,2870170757112160405,21,0,121,0.0
mesa,8,2870170757112160405,22,0,121,0.0
mesa,8,2870170757112160405,23,0,121,0.0
mesa,8,2870170757112160405,24,0,121,0.0
mesa,8,2870170757112160405,25,0,121,0.0
mesa,8,2870170757112160405,26,0,121,0.0
mesa,8,2870170757112160405,27,0,121,0.0
mesa,8,2870170757112160405,28,0,121,0.0
mesa,8,2870170757112160405,29,0,121,0.0
mesa,8,2870170757112160405,30,0,121,0.0
mesa,8,2870170757112160405,31+,0,121,0.0
mesa,9,1799580327007078412,2,101,130,0.7769230769230769
mesa,9,1799580327007078412,3,20,130,0.15384615384615385
mesa,9,1799580327007078412,4,3,130,0.023076923076923078
mesa,9,1799580327007078412,5,4,130,0.03076923076923077
mesa,9,1799580327007078412,6,0,130,0.0
mesa,9,1799580327007078412,7,1,130,0.007692307692307693
mesa,9,1799580327007078412,8,0,130,0.0
mesa,9,1799580327007078412,9,0,130,0.0
mesa,9,1799580327007078412,10,1,130,0.007692307692307693
mesa,9,1799580327007078412,11,0,130,0.0
mesa,9,1799580327007078412,12,0,130,0.0
mesa,9,1799580327007078412,13,0,130,0.0
mesa,9,1799580327007078412,14,0,130,0.0
mesa,9,1799580327007078412,15,0,130,0.0
mesa,9,1799580327007078412,16,0,130,0.0
mesa,9,1799580327007078412,17,0,130,0.0
mesa,9,1799580327007078412,18,0,130,0.0
mesa,9,1799580327007078412,19,0,130,0.0
mesa,9,1799580327007078412,20,0,130,0.0
mesa,9,1799580327007078412,21,0,130,0.0
mesa,9,1799580327007078412,22,0,130,0.0
mesa,9,1799580327007078412,23,0,130,0.0
mesa,9,1799580327007078412,24,0,130,0.0
mesa,9,1799580327007078412,25,0,130,0.0
mesa,9,1799580327007078412,26,0,130,0.0
mesa,9,1799580327007078412,27,0,130,0.0
mesa,9,1799580327007078412,28,0,130,0.0
mesa,9,1799580327007078412,29,0,130,0.0
mesa,9,1799580327007078412,30,0,130,0.0
mesa,9,1799580327007078412,31+,0,130,0.0
mesa,10,6472797241800602798,2,109,142,0.7676056338028169
mesa,10,6472797241800602798,3,20,142,0.14084507042253522
mesa,10,6472797241800602798,4,9,142,0.06338028169014084
mesa,10,6472797241800602798,5,3,142,0.02112676056338028
mesa,10,6472797241800602798,6,0,142,0.0
mesa,10,6472797241800602798,7,1,142,0.007042253521126761
mesa,10,6472797241800602798,8,0,142,0.0
mesa,10,6472797241800602798,9,0,142,0.0
mesa,10,6472797241800602798,10,0,142,0.0
mesa,10,6472797241800602798,11,0,142,0.0
mesa,10,6472797241800602798,12,0,142,0.0
mesa,10,6472797241800602798,13,0,142,0.0
mesa,10,6472797241800602798,14,0,142,0.0
mesa,10,6472797241800602798,15,0,142,0.0
mesa,10,6472797241800602798,16,0,142,0.0
mesa,10,6472797241800602798,17,0,142,0.0
mesa,10,6472797241800602798,18,0,142,0.0
mesa,10,6472797241800602798,19,0,142,0.0
mesa,10,6472797241800602798,20,0,142,0.0
mesa,10,6472797241800602798,21,0,142,0.0
mesa,10,6472797241800602798,22,0,142,0.0
mesa,10,6472797241800602798,23,0,142,0.0
mesa,10,6472797241800602798,24,0,142,0.0
mesa,10,6472797241800602798,25,0,142,0.0
mesa,10,6472797241800602798,26,0,142,0.0
mesa,10,6472797241800602798,27,0,142,0.0
mesa,10,6472797241800602798,28,0,142,0.0
mesa,10,6472797241800602798,29,0,142,0.0
mesa,10,6472797241800602798,30,0,142,0.0
mesa,10,6472797241800602798,31+,0,142,0.0
mesa,11,2062687946700046674,2,95,124,0.7661290322580645
mesa,11,2062687946700046674,3,17,124,0.13709677419354838
mesa,11,2062687946700046674,4,7,124,0.056451612903225805
mesa,11,2062687946700046674,5,2,124,0.016129032258064516
mesa,11,2062687946700046674,6,0,124,0.0
mesa,11,2062687946700046674,7,2,124,0.016129032258064516
mesa,11,2062687946700046674,8,0,124,0.0
mesa,11,2062687946700046674,9,1,124,0.008064516129032258
mesa,11,2062687946700046674,10,0,124,0.0
mesa,11,2062687946700046674,11,0,124,0.0
mesa,11,2062687946700046674,12,0,124,0.0
mesa,11,2062687946700046674,13,0,124,0.0
mesa,11,2062687946700046674,14,0,124,0.0
mesa,11,2062687946700046674,15,0,124,0.0
mesa,11,2062687946700046674,16,0,124,0.0
mesa,11,2062687946700046674,17,0,124,0.0
mesa,11,2062687946700046674,18,0,124,0.0
mesa,11,2062687946700046674,19,0,124,0.0
mesa,11,2062687946700046674,20,0,124,0.0
mesa,11,2062687946700046674,21,0,124,0.0
mesa,11,2062687946700046674,22,0,124,0.0
mesa,11,2062687946700046674,23,0,124,0.0
mesa,11,2062687946700046674,24,0,124,0.0
mesa,11,2062687946700046674,25,0,124,0.0
mesa,11,2062687946700046674,26,0,124,0.0
mesa,11,2062687946700046674,27,0,124,0.0
mesa,11,2062687946700046674,28,0,124,0.0
mesa,11,2062687946700046674,29,0,124,0.0
mesa,11,2062687946700046674,30,0,124,0.0
mesa,11,2062687946700046674,31+,0,124,0.0
mesa,12,1288702035818957092,2,71,81,0.8765432098765432
mesa,12,1288702035818957092,3,5,81,0.06172839506172839
mesa,12,1288702035818957092,4,2,81,0.024691358024691357
mesa,12,1288702035818957092,5,1,81,0.012345679012345678
mesa,12,1288702035818957092,6,0,81,0.0
mesa,12,1288702035818957092,7,0,81,0.0
mesa,12,1288702035818957092,8,0,81,0.0
mesa,12,1288702035818957092,9,1,81,0.012345679012345678
mesa,12,1288702035818957092,10,0,81,0.0
mesa,12,1288702035818957092,11,1,81,0.012345679012345678
mesa,12,1288702035818957092,12,0,81,0.0
mesa,12,1288702035818957092,13,0,81,0.0
mesa,12,1288702035818957092,14,0,81,0.0
mesa,12,1288702035818957092,15,0,81,0.0
mesa,12,1288702035818957092,16,0,81,0.0
mesa,12,1288702035818957092,17,0,81,0.0
mesa,12,1288702035818957092,18,0,81,0.0
mesa,12,1288702035818957092,19,0,81,0.0
mesa,12,1288702035818957092,20,0,81,0.0
mesa,12,1288702035818957092,21,0,81,0.0
mesa,12,1288702035818957092,22,0,81,0.0
mesa,12,1288702035818957092,23,0,81,0.0
mesa,12,1288702035818957092,24,0,81,0.0
mesa,12,1288702035818957092,25,0,81,0.0
mesa,12,1288702035818957092,26,0,81,0.0
mesa,12,1288702035818957092,27,0,81,0.0
mesa,12,1288702035818957092,28,0,81,0.0
mesa,12,1288702035818957092,29,0,81,0.0
mesa,12,1288702035818957092,30,0,81,0.0
mesa,12,1288702035818957092,31+,0,81,0.0
mesa,13,7935381053558873730,2,123,139,0.8848920863309353
mesa,13,7935381053558873730,3,12,139,0.08633093525179857
mesa,13,7935381053558873730,4,2,139,0.014388489208633094
mesa,13,7935381053558873730,5,1,139,0.007194244604316547
mesa,13,7935381053558873730,6,1,139,0.007194244604316547
mesa,13,7935381053558873730,7,0,139,0.0
mesa,13,7935381053558873730,8,0,139,0.0
mesa,13,7935381053558873730,9,0,139,0.0
mesa,13,7935381053558873730,10,0,139,0.0
mesa,13,7935381053558873730,11,0,139,0.0
mesa,13,7935381053558873730,12,0,139,0.0
mesa,13,7935381053558873730,13,0,139,0.0
mesa,13,7935381053558873730,14,0,139,0.0
mesa,13,7935381053558873730,15,0,139,0.0
mesa,13,7935381053558873730,16,0,139,0.0
mesa,13,7935381053558873730,17,0,139,0.0
mesa,13,7935381053558873730,18,0,139,0.0
mesa,13,7935381053558873730,19,0,139,0.0
mesa,13,7935381053558873730,20,0,139,0.0
mesa,13,7935381053558873730,21,0,139,0.0
mesa,13,7935381053558873730,22,0,139,0.0
mesa,13,7935381053558873730,23,0,139,0.0
mesa,13,7935381053558873730,24,0,139,0.0
mesa,13,7935381053558873730,25,0,139,0.0
mesa,13,7935381053558873730,26,0,139,0.0
mesa,13,7935381053558873730,27,0,139,0.0
mesa,13,7935381053558873730,28,0,139,0.0
mesa,13,7935381053558873730,29,0,139,0.0
mesa,13,7935381053558873730,30,0,139,0.0
mesa,13,7935381053558873730,31+,0,139,0.0
mesa,14,7674929494840036483,2,92,103,0.8932038834951457
mesa,14,7674929494840036483,3,8,103,0.07766990291262135
mesa,14,7674929494840036483,4,2,103,0.019417475728155338
mesa,14,7674929494840036483,5,0,103,0.0
mesa,14,7674929494840036483,6,1,103,0.009708737864077669
mesa,14,7674929494840036483,7,0,103,0.0
mesa,14,7674929494840036483,8,0,103,0.0
mesa,14,7674929494840036483,9,0,103,0.0
mesa,14,7674929494840036483,10,0,103,0.0
mesa,14,7674929494840036483,11,0,103,0.0
mesa,14,7674929494840036483,12,0,103,0.0
mesa,14,7674929494840036483,13,0,103,0.0
mesa,14,7674929494840036483,14,0,103,0.0
mesa,14,7674929494840036483,15,0,103,0.0
mesa,14,7674929494840036483,16,0,103,0.0
mesa,14,7674929494840036483,17,0,103,0.0
mesa,14,7674929494840036483,18,0,103,0.0
mesa,14,7674929494840036483,19,0,103,0.0
mesa,14,7674929494840036483,20,0,103,0.0
mesa,14,7674929494840036483,21,0,103,0.0
mesa,14,7674929494840036483,22,0,103,0.0
mesa,14,7674929494840036483,23,0,103,0.0
mesa,14,7674929494840036483,24,0,103,0.0
mesa,14,7674929494840036483,25,0,103,0.0
mesa,14,7674929494840036483,26,0,103,0.0
mesa,14,7674929494840036483,27,0,103,0.0
mesa,14,7674929494840036483,28,0,103,0.0
mesa,14,7674929494840036483,29,0,103,0.0
mesa,14,7674929494840036483,30,0,103,0.0
mesa,14,7674929494840036483,31+,0,103,0.0
mesa,15,4613624328044332388,2,93,108,0.8611111111111112
mesa,15,4613624328044332388,3,13,108,0.12037037037037036
mesa,15,4613624328044332388,4,1,108,0.009259259259259259
mesa,15,4613624328044332388,5,1,108,0.009259259259259259
mesa,15,4613624328044332388,6,0,108,0.0
mesa,15,4613624328044332388,7,0,108,0.0
mesa,15,4613624328044332388,8,0,108,0.0
mesa,15,4613624328044332388,9,0,108,0.0
mesa,15,4613624328044332388,10,0,108,0.0
mesa,15,4613624328044332388,11,0,108,0.0
mesa,15,4613624328044332388,12,0,108,0.0
mesa,15,4613624328044332388,13,0,108,0.0
mesa,15,4613624328044332388,14,0,108,0.0
mesa,15,4613624328044332388,15,0,108,0.0
mesa,15,4613624328044332388,16,0,108,0.0
mesa,15,4613624328044332388,17,0,108,0.0
mesa,15,4613624328044332388,18,0,108,0.0
mesa,15,4613624328044332388,19,0,108,0.0
mesa,15,4613624328044332388,20,0,108,0.0
mesa,15,4613624328044332388,21,0,108,0.0
mesa,15,4613624328044332388,22,0,108,0.0
mesa,15,4613624328044332388,23,0,108,0.0
mesa,15,4613624328044332388,24,0,108,0.0
mesa,15,4613624328044332388,25,0,108,0.0
mesa,15,4613624328044332388,26,0,108,0.0
mesa,15,4613624328044332388,27,0,108,0.0
mesa,15,4613624328044332388,28,0,108,0.0
mesa,15,4613624328044332388,29,0,108,0.0
mesa,15,4613624328044332388,30,0,108,0.0
mesa,15,4613624328044332388,31+,0,108,0.0
mesa,16,4995937566212487830,2,119,145,0.8206896551724138
mesa,16,4995937566212487830,3,16,145,0.1103448275862069
mesa,16,4995937566212487830,4,7,145,0.04827586206896552
mesa,16,4995937566212487830,5,1,145,0.006896551724137931
mesa,16,4995937566212487830,6,2,145,0.013793103448275862
mesa,16,4995937566212487830,7,0,145,0.0
mesa,16,4995937566212487830,8,0,145,0.0
mesa,16,4995937566212487830,9,0,145,0.0
mesa,16,4995937566212487830,10,0,145,0.0
mesa,16,4995937566212487830,11,0,145,0.0
mesa,16,4995937566212487830,12,0,145,0.0
mesa,16,4995937566212487830,13,0,145,0.0
mesa,16,4995937566212487830,14,0,145,0.0
mesa,16,4995937566212487830,15,0,145,0.0
mesa,16,4995937566212487830,16,0,145,0.0
mesa,16,4995937566212487830,17,0,145,0.0
mesa,16,4995937566212487830,18,0,145,0.0
mesa,16,4995937566212487830,19,0,145,0.0
mesa,16,4995937566212487830,20,0,145,0.0
mesa,16,4995937566212487830,21,0,145,0.0
mesa,16,4995937566212487830,22,0,145,0.0
mesa,16,4995937566212487830,23,0,145,0.0
mesa,16,4995937566212487830,24,0,145,0.0
mesa,16,4995937566212487830,25,0,145,0.0
mesa,16,4995937566212487830,26,0,145,0.0
mesa,16,4995937566212487830,27,0,145,0.0
mesa,16,4995937566212487830,28,0,145,0.0
mesa,16,4995937566212487830,29,0,145,0.0
mesa,16,4995937566212487830,30,0,145,0.0
mesa,16,4995937566212487830,31+,0,145,0.0
mesa,17,4556704973082384644,2,109,136,0.8014705882352942
mesa,17,4556704973082384644,3,15,136,0.11029411764705882
mesa,17,4556704973082384644,4,10,136,0.07352941176470588
mesa,17,4556704973082384644,5,1,136,0.007352941176470588
mesa,17,4556704973082384644,6,0,136,0.0
mesa,17,4556704973082384644,7,0,136,0.0
mesa,17,4556704973082384644,8,1,136,0.007352941176470588
mesa,17,4556704973082384644,9,0,136,0.0
mesa,17,4556704973082384644,10,0,136,0.0
mesa,17,4556704973082384644,11,0,136,0.0
mesa,17,4556704973082384644,12,0,136,0.0
mesa,17,4556704973082384644,13,0,136,0.0
mesa,17,4556704973082384644,14,0,136,0.0
mesa,17,4556704973082384644,15,0,136,0.0
mesa,17,4556704973082384644,16,0,136,0.0
mesa,17,4556704973082384644,17,0,136,0.0
mesa,17,4556704973082384644,18,0,136,0.0
mesa,17,4556704973082384644,19,0,136,0.0
mesa,17,4556704973082384644,20,0,136,0.0
mesa,17,4556704973082384644,21,0,136,0.0
mesa,17,4556704973082384644,22,0,136,0.0
mesa,17,4556704973082384644,23,0,136,0.0
mesa,17,4556704973082384644,24,0,136,0.0
mesa,17,4556704973082384644,25,0,136,0.0
mesa,17,4556704973082384644,26,0,136,0.0
mesa,17,4556704973082384644,27,0,136,0.0
mesa,17,4556704973082384644,28,0,136,0.0
mesa,17,4556704973082384644,29,0,136,0.0
mesa,17,4556704973082384644,30,0,136,0.0
mesa,17,4556704973082384644,31+,0,136,0.0
mesa,18,8476470079210904413,2,105,123,0.8536585365853658
mesa,18,8476470079210904413,3,13,123,0.10569105691056911
mesa,18,8476470079210904413,4,2,123,0.016260162601626018
mesa,18,8476470079210904413,5,2,123,0.016260162601626018
mesa,18,8476470079210904413,6,1,123,0.008130081300813009
mesa,18,8476470079210904413,7,0,123,0.0
mesa,18,8476470079210904413,8,0,123,0.0
mesa,18,8476470079210904413,9,0,123,0.0
mesa,18,8476470079210904413,10,0,123,0.0
mesa,18,8476470079210904413,11,0,123,0.0
mesa,18,8476470079210904413,12,0,123,0.0
mesa,18,8476470079210904413,13,0,123,0.0
mesa,18,8476470079210904413,14,0,123,0.0
mesa,18,8476470079210904413,15,0,123,0.0
mesa,18,8476470079210904413,16,0,123,0.0
mesa,18,8476470079210904413,17,0,123,0.0
mesa,18,8476470079210904413,18,0,123,0.0
mesa,18,8476470079210904413,19,0,123,0.0
mesa,18,8476470079210904413,20,0,123,0.0
mesa,18,8476470079210904413,21,0,123,0.0
mesa,18,8476470079210904413,22,0,123,0.0
mesa,18,8476470079210904413,23,0,123,0.0
mesa,18,8476470079210904413,24,0,123,0.0
mesa,18,8476470079210904413,25,0,123,0.0
mesa,18,8476470079210904413,26,0,123,0.0
mesa,18,8476470079210904413,27,0,123,0.0
mesa,18,8476470079210904413,28,0,123,0.0
mesa,18,8476470079210904413,29,0,123,0.0
mesa,18,8476470079210904413,30,0,123,0.0
mesa,18,8476470079210904413,31+,0,123,0.0
mesa,19,1454548424982663689,2,123,148,0.831081081081081
mesa,19,1454548424982663689,3,21,148,0.14189189189189189
mesa,19,1454548424982663689,4,0,148,0.0
mesa,19,1454548424982663689,5,2,148,0.013513513513513514
mesa,19,1454548424982663689,6,2,148,0.013513513513513514
mesa,19,1454548424982663689,7,0,148,0.0
mesa,19,1454548424982663689,8,0,148,0.0
mesa,19,1454548424982663689,9,0,148,0.0
mesa,19,1454548424982663689,10,0,148,0.0
mesa,19,1454548424982663689,11,0,148,0.0
mesa,19,1454548424982663689,12,0,148,0.0
mesa,19,1454548424982663689,13,0,148,0.0
mesa,19,1454548424982663689,14,0,148,0.0
mesa,19,1454548424982663689,15,0,148,0.0
mesa,19,1454548424982663689,16,0,148,0.0
mesa,19,1454548424982663689,17,0,148,0.0
mesa,19,1454548424982663689,18,0,148,0.0
mesa,19,1454548424982663689,19,0,148,0.0
mesa,19,1454548424982663689,20,0,148,0.0
mesa,19,1454548424982663689,21,0,148,0.0
mesa,19,1454548424982663689,22,0,148,0.0
mesa,19,1454548424982663689,23,0,148,0.0
mesa,19,1454548424982663689,24,0,148,0.0
mesa,19,1454548424982663689,25,0,148,0.0
mesa,19,1454548424982663689,26,0,148,0.0
mesa,19,1454548424982663689,27,0,148,0.0
mesa,19,1454548424982663689,28,0,148,0.0
mesa,19,1454548424982663689,29,0,148,0.0
mesa,19,1454548424982663689,30,0,148,0.0
mesa,19,1454548424982663689,31+,0,148,0.0
mesa,20,5341495872753715187,2,113,134,0.8432835820895522
mesa,20,5341495872753715187,3,14,134,0.1044776119402985
mesa,20,5341495872753715187,4,3,134,0.022388059701492536
mesa,20,5341495872753715187,5,2,134,0.014925373134328358
mesa,20,5341495872753715187,6,1,134,0.007462686567164179
mesa,20,5341495872753715187,7,0,134,0.0
mesa,20,5341495872753715187,8,0,134,0.0
mesa,20,5341495872753715187,9,0,134,0.0
mesa,20,5341495872753715187,10,0,134,0.0
mesa,20,5341495872753715187,11,0,134,0.0
mesa,20,5341495872753715187,12,0,134,0.0
mesa,20,5341495872753715187,13,1,134,0.007462686567164179
mesa,20,5341495872753715187,14,0,134,0.0
mesa,20,5341495872753715187,15,0,134,0.0
mesa,20,5341495872753715187,16,0,134,0.0
mesa,20,5341495872753715187,17,0,134,0.0
mesa,20,5341495872753715187,18,0,134,0.0
mesa,20,5341495872753715187,19,0,134,0.0
mesa,20,5341495872753715187,20,0,134,0.0
mesa,20,5341495872753715187,21,0,134,0.0
mesa,20,5341495872753715187,22,0,134,0.0
mesa,20,5341495872753715187,23,0,134,0.0
mesa,20,5341495872753715187,24,0,134,0.0
mesa,20,5341495872753715187,25,0,134,0.0
mesa,20,5341495872753715187,26,0,134,0.0
mesa,20,5341495872753715187,27,0,134,0.0
mesa,20,5341495872753715187,28,0,134,0.0
mesa,20,5341495872753715187,29,0,134,0.0
mesa,20,5341495872753715187,30,0,134,0.0
mesa,20,5341495872753715187,31+,0,134,0.0
mesa,21,5443673115960323994,2,112,133,0.8421052631578947
mesa,21,5443673115960323994,3,14,133,0.10526315789473684
mesa,21,5443673115960323994,4,1,133,0.007518796992481203
mesa,21,5443673115960323994,5,2,133,0.015037593984962405
mesa,21,5443673115960323994,6,1,133,0.007518796992481203
mesa,21,5443673115960323994,7,2,133,0.015037593984962405
mesa,21,5443673115960323994,8,0,133,0.0
mesa,21,5443673115960323994,9,0,133,0.0
mesa,21,5443673115960323994,10,0,133,0.0
mesa,21,5443673115960323994,11,0,133,0.0
mesa,21,5443673115960323994,12,1,133,0.007518796992481203
mesa,21,5443673115960323994,13,0,133,0.0
mesa,21,5443673115960323994,14,0,133,0.0
mesa,21,5443673115960323994,15,0,133,0.0
mesa,21,5443673115960323994,16,0,133,0.0
mesa,21,5443673115960323994,17,0,133,0.0
mesa,21,5443673115960323994,18,0,133,0.0
mesa,21,5443673115960323994,19,0,133,0.0
mesa,21,5443673115960323994,20,0,133,0.0
mesa,21,5443673115960323994,21,0,133,0.0
mesa,21,5443673115960323994,22,0,133,0.0
mesa,21,5443673115960323994,23,0,133,0.0
mesa,21,5443673115960323994,24,0,133,0.0
mesa,21,5443673115960323994,25,0,133,0.0
mesa,21,5443673115960323994,26,0,133,0.0
mesa,21,5443673115960323994,27,0,133,0.0
mesa,21,5443673115960323994,28,0,133,0.0
mesa,21,5443673115960323994,29,0,133,0.0
mesa,21,5443673115960323994,30,0,133,0.0
mesa,21,5443673115960323994,31+,0,133,0.0
mesa,22,3595548649576362892,2,106,137,0.7737226277372263
mesa,22,3595548649576362892,3,25,137,0.18248175182481752
mesa,22,3595548649576362892,4,1,137,0.0072992700729927005
mesa,22,3595548649576362892,5,3,137,0.021897810218978103
mesa,22,3595548649576362892,6,0,137,0.0
mesa,22,3595548649576362892,7,1,137,0.0072992700729927005
mesa,22,3595548649576362892,8,0,137,0.0
mesa,22,3595548649576362892,9,0,137,0.0
mesa,22,3595548649576362892,10,0,137,0.0
mesa,22,3595548649576362892,11,1,137,0.0072992700729927005
mesa,22,3595548649576362892,12,0,137,0.0
mesa,22,3595548649576362892,13,0,137,0.0
mesa,22,3595548649576362892,14,0,137,0.0
mesa,22,3595548649576362892,15,0,137,0.0
mesa,22,3595548649576362892,16,0,137,0.0
mesa,22,3595548649576362892,17,0,137,0.0
mesa,22,3595548649576362892,18,0,137,0.0
mesa,22,3595548649576362892,19,0,137,0.0
mesa,22,3595548649576362892,20,0,137,0.0
mesa,22,3595548649576362892,21,0,137,0.0
mesa,22,3595548649576362892,22,0,137,0.0
mesa,22,3595548649576362892,23,0,137,0.0
mesa,22,3595548649576362892,24,0,137,0.0
mesa,22,3595548649576362892,25,0,137,0.0
mesa,22,3595548649576362892,26,0,137,0.0
mesa,22,3595548649576362892,27,0,137,0.0
mesa,22,3595548649576362892,28,0,137,0.0
mesa,22,3595548649576362892,29,0,137,0.0
mesa,22,3595548649576362892,30,0,137,0.0
mesa,22,3595548649576362892,31+,0,137,0.0
mesa,23,9078909957676491917,2,101,122,0.8278688524590164
mesa,23,9078909957676491917,3,18,122,0.14754098360655737
mesa,23,9078909957676491917,4,1,122,0.00819672131147541
mesa,23,9078909957676491917,5,2,122,0.01639344262295082
mesa,23,9078909957676491917,6,0,122,0.0
mesa,23,9078909957676491917,7,0,122,0.0
mesa,23,9078909957676491917,8,0,122,0.0
mesa,23,9078909957676491917,9,0,122,0.0
mesa,23,9078909957676491917,10,0,122,0.0
mesa,23,9078909957676491917,11,0,122,0.0
mesa,23,9078909957676491917,12,0,122,0.0
mesa,23,9078909957676491917,13,0,122,0.0
mesa,23,9078909957676491917,14,0,122,0.0
mesa,23,9078909957676491917,15,0,122,0.0
mesa,23,9078909957676491917,16,0,122,0.0
mesa,23,9078909957676491917,17,0,122,0.0
mesa,23,9078909957676491917,18,0,122,0.0
mesa,23,9078909957676491917,19,0,122,0.0
mesa,23,9078909957676491917,20,0,122,0.0
mesa,23,9078909957676491917,21,0,122,0.0
mesa,23,9078909957676491917,22,0,122,0.0
mesa,23,9078909957676491917,23,0,122,0.0
mesa,23,9078909957676491917,24,0,122,0.0
mesa,23,9078909957676491917,25,0,122,0.0
mesa,23,9078909957676491917,26,0,122,0.0
mesa,23,9078909957676491917,27,0,122,0.0
mesa,23,9078909957676491917,28,0,122,0.0
mesa,23,9078909957676491917,29,0,122,0.0
mesa,23,9078909957676491917,30,0,122,0.0
mesa,23,9078909957676491917,31+,0,122,0.0
mesa,24,8598463949376142235,2,101,122,0.8278688524590164
mesa,24,8598463949376142235,3,14,122,0.11475409836065574
mesa,24,8598463949376142235,4,4,122,0.03278688524590164
mesa,24,8598463949376142235,5,1,122,0.00819672131147541
mesa,24,8598463949376142235,6,2,122,0.01639344262295082
mesa,24,8598463949376142235,7,0,122,0.0
mesa,24,8598463949376142235,8,0,122,0.0
mesa,24,8598463949376142235,9,0,122,0.0
mesa,24,8598463949376142235,10,0,122,0.0
mesa,24,8598463949376142235,11,0,122,0.0
mesa,24,8598463949376142235,12,0,122,0.0
mesa,24,8598463949376142235,13,0,122,0.0
mesa,24,8598463949376142235,14,0,122,0.0
mesa,24,8598463949376142235,15,0,122,0.0
mesa,24,8598463949376142235,16,0,122,0.0
mesa,24,8598463949376142235,17,0,122,0.0
mesa,24,8598463949376142235,18,0,122,0.0
mesa,24,8598463949376142235,19,0,122,0.0
mesa,24,8598463949376142235,20,0,122,0.0
mesa,24,8598463949376142235,21,0,122,0.0
mesa,24,8598463949376142235,22,0,122,0.0
mesa,24,8598463949376142235,23,0,122,0.0
mesa,24,8598463949376142235,24,0,122,0.0
mesa,24,8598463949376142235,25,0,122,0.0
mesa,24,8598463949376142235,26,0,122,0.0
mesa,24,8598463949376142235,27,0,122,0.0
mesa,24,8598463949376142235,28,0,122,0.0
mesa,24,8598463949376142235,29,0,122,0.0
mesa,24,8598463949376142235,30,0,122,0.0
mesa,24,8598463949376142235,31+,0,122,0.0
mesa,25,3518244239738277620,2,57,61,0.9344262295081968
mesa,25,3518244239738277620,3,2,61,0.03278688524590164
mesa,25,3518244239738277620,4,1,61,0.01639344262295082
mesa,25,3518244239738277620,5,0,61,0.0
mesa,25,3518244239738277620,6,0,61,0.0
mesa,25,3518244239738277620,7,0,61,0.0
mesa,25,3518244239738277620,8,0,61,0.0
mesa,25,3518244239738277620,9,0,61,0.0
mesa,25,3518244239738277620,10,0,61,0.0
mesa,25,3518244239738277620,11,0,61,0.0
mesa,25,3518244239738277620,12,0,61,0.0
mesa,25,3518244239738277620,13,0,61,0.0
mesa,25,3518244239738277620,14,0,61,0.0
mesa,25,3518244239738277620,15,0,61,0.0
mesa,25,3518244239738277620,16,1,61,0.01639344262295082
mesa,25,3518244239738277620,17,0,61,0.0
mesa,25,3518244239738277620,18,0,61,0.0
mesa,25,3518244239738277620,19,0,61,0.0
mesa,25,3518244239738277620,20,0,61,0.0
mesa,25,3518244239738277620,21,0,61,0.0
mesa,25,3518244239738277620,22,0,61,0.0
mesa,25,3518244239738277620,23,0,61,0.0
mesa,25,3518244239738277620,24,0,61,0.0
mesa,25,3518244239738277620,25,0,61,0.0
mesa,25,3518244239738277620,26,0,61,0.0
mesa,25,3518244239738277620,27,0,61,0.0
mesa,25,3518244239738277620,28,0,61,0.0
mesa,25,3518244239738277620,29,0,61,0.0
mesa,25,3518244239738277620,30,0,61,0.0
mesa,25,3518244239738277620,31+,0,61,0.0
mesa,26,2395098970302324274,2,118,145,0.8137931034482758
mesa,26,2395098970302324274,3,19,145,0.1310344827586207
mesa,26,2395098970302324274,4,3,145,0.020689655172413793
mesa,26,2395098970302324274,5,3,145,0.020689655172413793
mesa,26,2395098970302324274,6,2,145,0.013793103448275862
mesa,26,2395098970302324274,7,0,145,0.0
mesa,26,2395098970302324274,8,0,145,0.0
mesa,26,2395098970302324274,9,0,145,0.0
mesa,26,2395098970302324274,10,0,145,0.0
mesa,26,2395098970302324274,11,0,145,0.0
mesa,26,2395098970302324274,12,0,145,0.0
mesa,26,2395098970302324274,13,0,145,0.0
mesa,26,2395098970302324274,14,0,145,0.0
mesa,26,2395098970302324274,15,0,145,0.0
mesa,26,2395098970302324274,16,0,145,0.0
mesa,26,2395098970302324274,17,0,145,0.0
mesa,26,2395098970302324274,18,0,145,0.0
mesa,26,2395098970302324274,19,0,145,0.0
mesa,26,2395098970302324274,20,0,145,0.0
mesa,26,2395098970302324274,21,0,145,0.0
mesa,26,2395098970302324274,22,0,145,0.0
mesa,26,2395098970302324274,23,0,145,0.0
mesa,26,2395098970302324274,24,0,145,0.0
mesa,26,2395098970302324274,25,0,145,0.0
mesa,26,2395098970302324274,26,0,145,0.0
mesa,26,2395098970302324274,27,0,145,0.0
mesa,26,2395098970302324274,28,0,145,0.0
mesa,26,2395098970302324274,29,0,145,0.0
mesa,26,2395098970302324274,30,0,145,0.0
mesa,26,2395098970302324274,31+,0,145,0.0
mesa,27,8248253095957417848,2,92,100,0.92
mesa,27,8248253095957417848,3,6,100,0.06
mesa,27,8248253095957417848,4,1,100,0.01
mesa,27,8248253095957417848,5,1,100,0.01
mesa,27,8248253095957417848,6,0,100,0.0
mesa,27,8248253095957417848,7,0,100,0.0
mesa,27,8248253095957417848,8,0,100,0.0
mesa,27,8248253095957417848,9,0,100,0.0
mesa,27,8248253095957417848,10,0,100,0.0
mesa,27,8248253095957417848,11,0,100,0.0
mesa,27,8248253095957417848,12,0,100,0.0
mesa,27,8248253095957417848,13,0,100,0.0
mesa,27,8248253095957417848,14,0,100,0.0
mesa,27,8248253095957417848,15,0,100,0.0
mesa,27,8248253095957417848,16,0,100,0.0
mesa,27,8248253095957417848,17,0,100,0.0
mesa,27,8248253095957417848,18,0,100,0.0
mesa,27,8248253095957417848,19,0,100,0.0
mesa,27,8248253095957417848,20,0,100,0.0
mesa,27,8248253095957417848,21,0,100,0.0
mesa,27,8248253095957417848,22,0,100,0.0
mesa,27,8248253095957417848,23,0,100,0.0
mesa,27,8248253095957417848,24,0,100,0.0
mesa,27,8248253095957417848,25,0,100,0.0
mesa,27,8248253095957417848,26,0,100,0.0
mesa,27,8248253095957417848,27,0,100,0.0
mesa,27,8248253095957417848,28,0,100,0.0
mesa,27,8248253095957417848,29,0,100,0.0
mesa,27,8248253095957417848,30,0,100,0.0
mesa,27,8248253095957417848,31+,0,100,0.0
mesa,28,2525409785526286404,2,103,133,0.7744360902255639
mesa,28,2525409785526286404,3,20,133,0.15037593984962405
mesa,28,2525409785526286404,4,4,133,0.03007518796992481
mesa,28,2525409785526286404,5,4,133,0.03007518796992481
mesa,28,2525409785526286404,6,0,133,0.0
mesa,28,2525409785526286404,7,0,133,0.0
mesa,28,2525409785526286404,8,1,133,0.007518796992481203
mesa,28,2525409785526286404,9,0,133,0.0
mesa,28,2525409785526286404,10,0,133,0.0
mesa,28,2525409785526286404,11,0,133,0.0
mesa,28,2525409785526286404,12,1,133,0.007518796992481203
mesa,28,2525409785526286404,13,0,133,0.0
mesa,28,2525409785526286404,14,0,133,0.0
mesa,28,2525409785526286404,15,0,133,0.0
mesa,28,2525409785526286404,16,0,133,0.0
mesa,28,2525409785526286404,17,0,133,0.0
mesa,28,2525409785526286404,18,0,133,0.0
mesa,28,2525409785526286404,19,0,133,0.0
mesa,28,2525409785526286404,20,0,133,0.0
mesa,28,2525409785526286404,21,0,133,0.0
mesa,28,2525409785526286404,22,0,133,0.0
mesa,28,2525409785526286404,23,0,133,0.0
mesa,28,2525409785526286404,24,0,133,0.0
mesa,28,2525409785526286404,25,0,133,0.0
mesa,28,2525409785526286404,26,0,133,0.0
mesa,28,2525409785526286404,27,0,133,0.0
mesa,28,2525409785526286404,28,0,133,0.0
mesa,28,2525409785526286404,29,0,133,0.0
mesa,28,2525409785526286404,30,0,133,0.0
mesa,28,2525409785526286404,31+,0,133,0.0
mesa,29,1493860678497262181,2,114,136,0.8382352941176471
mesa,29,1493860678497262181,3,16,136,0.11764705882352941
mesa,29,1493860678497262181,4,4,136,0.029411764705882353
mesa,29,1493860678497262181,5,0,136,0.0
mesa,29,1493860678497262181,6,1,136,0.007352941176470588
mesa,29,1493860678497262181,7,0,136,0.0
mesa,29,1493860678497262181,8,0,136,0.0
mesa,29,1493860678497262181,9,0,136,0.0
mesa,29,1493860678497262181,10,0,136,0.0
mesa,29,1493860678497262181,11,0,136,0.0
mesa,29,1493860678497262181,12,0,136,0.0
mesa,29,1493860678497262181,13,0,136,0.0
mesa,29,1493860678497262181,14,1,136,0.007352941176470588
mesa,29,1493860678497262181,15,0,136,0.0
mesa,29,1493860678497262181,16,0,136,0.0
mesa,29,1493860678497262181,17,0,136,0.0
mesa,29,1493860678497262181,18,0,136,0.0
mesa,29,1493860678497262181,19,0,136,0.0
mesa,29,1493860678497262181,20,0,136,0.0
mesa,29,1493860678497262181,21,0,136,0.0
mesa,29,1493860678497262181,22,0,136,0.0
mesa,29,1493860678497262181,23,0,136,0.0
mesa,29,1493860678497262181,24,0,136,0.0
mesa,29,1493860678497262181,25,0,136,0.0
mesa,29,1493860678497262181,26,0,136,0.0
mesa,29,1493860678497262181,27,0,136,0.0
mesa,29,1493860678497262181,28,0,136,0.0
mesa,29,1493860678497262181,29,0,136,0.0
mesa,29,1493860678497262181,30,0,136,0.0
mesa,29,1493860678497262181,31+,0,136,0.0
mesa,30,6206361787397998430,2,105,129,0.813953488372093
mesa,30,6206361787397998430,3,16,129,0.12403100775193798
mesa,30,6206361787397998430,4,3,129,0.023255813953488372
mesa,30,6206361787397998430,5,3,129,0.023255813953488372
mesa,30,6206361787397998430,6,2,129,0.015503875968992248
mesa,30,6206361787397998430,7,0,129,0.0
mesa,30,6206361787397998430,8,0,129,0.0
mesa,30,6206361787397998430,9,0,129,0.0
mesa,30,6206361787397998430,10,0,129,0.0
mesa,30,6206361787397998430,11,0,129,0.0
mesa,30,6206361787397998430,12,0,129,0.0
mesa,30,6206361787397998430,13,0,129,0.0
mesa,30,6206361787397998430,14,0,129,0.0
mesa,30,6206361787397998430,15,0,129,0.0
mesa,30,6206361787397998430,16,0,129,0.0
mesa,30,6206361787397998430,17,0,129,0.0
mesa,30,6206361787397998430,18,0,129,0.0
mesa,30,6206361787397998430,19,0,129,0.0
mesa,30,6206361787397998430,20,0,129,0.0
mesa,30,6206361787397998430,21,0,129,0.0
mesa,30,6206361787397998430,22,0,129,0.0
mesa,30,6206361787397998430,23,0,129,0.0
mesa,30,6206361787397998430,24,0,129,0.0
mesa,30,6206361787397998430,25,0,129,0.0
mesa,30,6206361787397998430,26,0,129,0.0
mesa,30,6206361787397998430,27,0,129,0.0
mesa,30,6206361787397998430,28,0,129,0.0
mesa,30,6206361787397998430,29,0,129,0.0
mesa,30,6206361787397998430,30,0,129,0.0
mesa,30,6206361787397998430,31+,0,129,0.0
